[0.000000] (-) TimerEvent: {}
[0.000074] (-) JobUnselected: {'identifier': 'behaviortree_ros2'}
[0.000094] (-) JobUnselected: {'identifier': 'btcpp_ros2_interfaces'}
[0.000108] (-) JobUnselected: {'identifier': 'btcpp_ros2_samples'}
[0.000120] (-) JobUnselected: {'identifier': 'fake_vel_transform'}
[0.000132] (-) JobUnselected: {'identifier': 'hik_camera_ros2_driver'}
[0.000145] (-) JobUnselected: {'identifier': 'ign_sim_pointcloud_tool'}
[0.000157] (-) JobUnselected: {'identifier': 'joint_state_publisher'}
[0.000169] (-) JobUnselected: {'identifier': 'joint_state_publisher_gui'}
[0.000180] (-) JobUnselected: {'identifier': 'livox_ros_driver2'}
[0.000192] (-) JobUnselected: {'identifier': 'loam_interface'}
[0.000204] (-) JobUnselected: {'identifier': 'pb2025_nav_bringup'}
[0.000216] (-) JobUnselected: {'identifier': 'pb2025_robot_description'}
[0.000228] (-) JobUnselected: {'identifier': 'pb2025_sentry_behavior'}
[0.000240] (-) JobUnselected: {'identifier': 'pb2025_sentry_bringup'}
[0.000252] (-) JobUnselected: {'identifier': 'pb2025_sentry_nav'}
[0.000262] (-) JobUnselected: {'identifier': 'pb_nav2_plugins'}
[0.000274] (-) JobUnselected: {'identifier': 'pb_omni_pid_pursuit_controller'}
[0.000286] (-) JobUnselected: {'identifier': 'pb_rm_interfaces'}
[0.000298] (-) JobUnselected: {'identifier': 'pb_teleop_twist_joy'}
[0.000309] (-) JobUnselected: {'identifier': 'pcd2pgm'}
[0.000321] (-) JobUnselected: {'identifier': 'point_lio'}
[0.000332] (-) JobUnselected: {'identifier': 'pointcloud_to_laserscan'}
[0.000344] (-) JobUnselected: {'identifier': 'rmoss_base'}
[0.000356] (-) JobUnselected: {'identifier': 'rmoss_cam'}
[0.000368] (-) JobUnselected: {'identifier': 'rmoss_core'}
[0.000379] (-) JobUnselected: {'identifier': 'rmoss_gz_base'}
[0.000391] (-) JobUnselected: {'identifier': 'rmoss_gz_bridge'}
[0.000401] (-) JobUnselected: {'identifier': 'rmoss_gz_cam'}
[0.000413] (-) JobUnselected: {'identifier': 'rmoss_gz_plugins'}
[0.000425] (-) JobUnselected: {'identifier': 'rmoss_gz_resources'}
[0.000437] (-) JobUnselected: {'identifier': 'rmoss_interfaces'}
[0.000450] (-) JobUnselected: {'identifier': 'rmoss_projectile_motion'}
[0.000462] (-) JobUnselected: {'identifier': 'rmoss_util'}
[0.000474] (-) JobUnselected: {'identifier': 'rmu_gazebo_simulator'}
[0.000486] (-) JobUnselected: {'identifier': 'rosbag2_composable_recorder'}
[0.000498] (-) JobUnselected: {'identifier': 'sdformat_tools'}
[0.000509] (-) JobUnselected: {'identifier': 'sensor_scan_generation'}
[0.000520] (-) JobUnselected: {'identifier': 'small_gicp_relocalization'}
[0.000532] (-) JobUnselected: {'identifier': 'standard_robot_pp_ros2'}
[0.000543] (-) JobUnselected: {'identifier': 'teleop_gimbal_keyboard'}
[0.000563] (-) JobUnselected: {'identifier': 'terrain_analysis'}
[0.000575] (-) JobUnselected: {'identifier': 'terrain_analysis_ext'}
[0.000589] (auto_aim_interfaces) JobQueued: {'identifier': 'auto_aim_interfaces', 'dependencies': OrderedDict()}
[0.000604] (nav_bridge) JobQueued: {'identifier': 'nav_bridge', 'dependencies': OrderedDict([('auto_aim_interfaces', '/home/xxx/HUN_sentry_xxx/pb2025_Nav/install/auto_aim_interfaces')])}
[0.000620] (auto_aim_interfaces) JobStarted: {'identifier': 'auto_aim_interfaces'}
[0.005967] (auto_aim_interfaces) JobProgress: {'identifier': 'auto_aim_interfaces', 'progress': 'cmake'}
[0.006285] (auto_aim_interfaces) Command: {'cmd': ['/usr/bin/cmake', '/home/xxx/HUN_sentry_xxx/pb2025_Nav/src/interfaces/auto_aim_interfaces', '-DCMAKE_INSTALL_PREFIX=/home/xxx/HUN_sentry_xxx/pb2025_Nav/install/auto_aim_interfaces'], 'cwd': '/home/xxx/HUN_sentry_xxx/pb2025_Nav/build/auto_aim_interfaces', 'env': OrderedDict([('GJS_DEBUG_TOPICS', 'JS ERROR;JS LOG'), ('PYTHON_BASIC_REPL', '1'), ('LESSOPEN', '| /usr/bin/lesspipe %s'), ('MVS_PATH', '/opt/MVS'), ('AI_AGENT', 'TRAE'), ('LANGUAGE', 'zh_CN:zh:en_US:en'), ('TENSORRT_DIR', '/home/xxx/nvidia_libs/TensorRT-8.4.2.4'), ('USER', 'xxx'), ('LC_TIME', 'zh_CN.UTF-8'), ('XDG_SESSION_TYPE', 'x11'), ('ALLUSERSPROFILE', '/opt/MVS/MVFG'), ('GIT_ASKPASS', '/usr/share/trae-cn/resources/app/extensions/git/dist/askpass.sh'), ('SHLVL', '1'), ('LD_LIBRARY_PATH', '/usr/local/cuda-12.4/lib64:/opt/MVS/lib/64:/home/xxx/nvidia_libs/TensorRT-8.4.2.4/lib:/opt/MVS/lib/64:/opt/MVS/lib/32:/opt/ros/humble/opt/rviz_ogre_vendor/lib:/opt/ros/humble/lib/x86_64-linux-gnu:/opt/ros/humble/lib:/opt/MVS/lib/64:/opt/MVS/lib/32:/opt/MVS/lib/64:/opt/MVS/lib/32:'), ('HOME', '/home/xxx'), ('CHROME_DESKTOP', 'trae-cn.desktop'), ('OLDPWD', '/home/xxx/HUN_sentry_xxx/sk2026_xxx_version'), ('TERM_PROGRAM_VERSION', '1.107.1'), ('DESKTOP_SESSION', 'ubuntu'), ('GIO_LAUNCHED_DESKTOP_FILE', '/usr/share/applications/trae-cn.desktop'), ('TRAE_SANDBOX_CLI_PATH', '/usr/share/trae-cn/resources/app/modules/sandbox/trae-sandbox'), ('ROS_PYTHON_VERSION', '3'), ('GNOME_SHELL_SESSION_MODE', 'ubuntu'), ('GTK_MODULES', 'gail:atk-bridge'), ('PAGER', ''), ('VSCODE_GIT_ASKPASS_MAIN', '/usr/share/trae-cn/resources/app/extensions/git/dist/askpass-main.js'), ('LC_MONETARY', 'zh_CN.UTF-8'), ('VSCODE_GIT_ASKPASS_NODE', '/usr/share/trae-cn/trae-cn'), ('MANAGERPID', '2015'), ('TRAE_AI_SHELL_ID', '4'), ('TRAE_SANDBOX_SOURCE_FLAG_PATH', '/tmp/sandbox-source-flag-68af22aa-5130-4d14-ba29-aada38336179'), ('PYDEVD_DISABLE_FILE_VALIDATION', '1'), ('SYSTEMD_EXEC_PID', '2301'), ('BUNDLED_DEBUGPY_PATH', '/home/xxx/.trae-cn/extensions/ms-python.debugpy-2026.6.0-linux-x64/bundled/libs/debugpy'), ('VSCODE_PYTHON_AUTOACTIVATE_GUARD', '1'), ('DBUS_SESSION_BUS_ADDRESS', 'unix:path=/run/user/1000/bus'), ('COLORTERM', 'truecolor'), ('isArchMatched', '1'), ('GIO_LAUNCHED_DESKTOP_FILE_PID', '4522'), ('TRAE_JWT_TOKEN_PATH', '/home/xxx/.trae-cn/trae-jwt-token'), ('TRAE_SANDBOX_STORAGE_PATH', '/home/xxx/.config/Trae CN/ModularData/ai-agent/sandbox'), ('SAFE_RM_AUTO_ADD_TEMP', '1'), ('IM_CONFIG_PHASE', '1'), ('ROS_DISTRO', 'humble'), ('GTK_IM_MODULE', 'fcitx'), ('LOGNAME', 'xxx'), ('SAFE_RM_DENIED_PATH', '/home/xxx/HUN_sentry_xxx/.vscode:/home/xxx/HUN_sentry_xxx/.vscode:/home/xxx/HUN_sentry_xxx/.trae:/home/xxx/HUN_sentry_xxx/.trae:/home/xxx/HUN_sentry_xxx/.git:/home/xxx/HUN_sentry_xxx/.git'), ('JOURNAL_STREAM', '8:33942'), ('_', '/usr/bin/colcon'), ('ROS_VERSION', '2'), ('XDG_SESSION_CLASS', 'user'), ('USERNAME', 'xxx'), ('TERM', 'xterm-256color'), ('GNOME_DESKTOP_SESSION_ID', 'this-is-deprecated'), ('TRAE_SANDBOX_LOG_DIR', '/home/xxx/.config/Trae CN/logs/20260529T111118/Modular'), ('FC_FONTATIONS', '1'), ('ROS_LOCALHOST_ONLY', '0'), ('HISTCONTROL', 'ignorespace'), ('WINDOWPATH', '2'), ('MVCAM_SDK_PATH', '/opt/MVS'), ('PATH', '/home/xxx/.trae-cn/tools/trae-gopls/current:/home/xxx/.trae-cn/sdks/workspaces/1193382c/versions/node/current:/home/xxx/.trae-cn/sdks/versions/node/current:/usr/local/cuda-12.4/bin:/home/xxx/nvidia_libs/TensorRT-8.4.2.4/bin:/opt/ros/humble/bin:/home/xxx/.local/bin:/usr/local/sbin:/usr/local/bin:/usr/sbin:/usr/bin:/sbin:/bin:/usr/games:/usr/local/games:/snap/bin:/snap/bin'), ('SESSION_MANAGER', 'local/xxx:@/tmp/.ICE-unix/2274,unix/xxx:/tmp/.ICE-unix/2274'), ('INVOCATION_ID', '0635d3669d874d1d81998d3ce24af996'), ('MVCAM_GENICAM_CLPROTOCOL', '/opt/MVS/lib/CLProtocol'), ('XDG_MENU_PREFIX', 'gnome-'), ('LC_ADDRESS', 'zh_CN.UTF-8'), ('XDG_RUNTIME_DIR', '/run/user/1000'), ('GDK_BACKEND', 'x11'), ('DISPLAY', ':1'), ('FILESYSTEM_CASE_SENSITIVE', 'true'), ('VSCODE_DEBUGPY_ADAPTER_ENDPOINTS', '/home/xxx/.trae-cn/extensions/ms-python.debugpy-2026.6.0-linux-x64/.noConfigDebugAdapterEndpoints/endpoint-54b2b4dd95f56e7e.txt'), ('LANG', 'zh_CN.UTF-8'), ('XDG_CURRENT_DESKTOP', 'ubuntu:GNOME'), ('PYTHONSTARTUP', '/home/xxx/.config/Trae CN/User/workspaceStorage/1193382c88a709bb2cc56e828d812075/ms-python.python/pythonrc.py'), ('LC_TELEPHONE', 'zh_CN.UTF-8'), ('TRAE_SANDBOX_CONFIG_NAME', '6a1446c480a3af9f3db86f84'), ('XMODIFIERS', '@im=fcitx'), ('TRAE_SANDBOX_DUMP_DIR', '/home/xxx/.config/Trae CN/Crashpad/sandbox-pending'), ('XDG_SESSION_DESKTOP', 'ubuntu'), ('XAUTHORITY', '/run/user/1000/gdm/Xauthority'), ('TRAE_BRAND_NAME', 'Trae CN'), ('LS_COLORS', 'rs=0:di=01;34:ln=01;36:mh=00:pi=40;33:so=01;35:do=01;35:bd=40;33;01:cd=40;33;01:or=40;31;01:mi=00:su=37;41:sg=30;43:ca=30;41:tw=30;42:ow=34;42:st=37;44:ex=01;32:*.tar=01;31:*.tgz=01;31:*.arc=01;31:*.arj=01;31:*.taz=01;31:*.lha=01;31:*.lz4=01;31:*.lzh=01;31:*.lzma=01;31:*.tlz=01;31:*.txz=01;31:*.tzo=01;31:*.t7z=01;31:*.zip=01;31:*.z=01;31:*.dz=01;31:*.gz=01;31:*.lrz=01;31:*.lz=01;31:*.lzo=01;31:*.xz=01;31:*.zst=01;31:*.tzst=01;31:*.bz2=01;31:*.bz=01;31:*.tbz=01;31:*.tbz2=01;31:*.tz=01;31:*.deb=01;31:*.rpm=01;31:*.jar=01;31:*.war=01;31:*.ear=01;31:*.sar=01;31:*.rar=01;31:*.alz=01;31:*.ace=01;31:*.zoo=01;31:*.cpio=01;31:*.7z=01;31:*.rz=01;31:*.cab=01;31:*.wim=01;31:*.swm=01;31:*.dwm=01;31:*.esd=01;31:*.jpg=01;35:*.jpeg=01;35:*.mjpg=01;35:*.mjpeg=01;35:*.gif=01;35:*.bmp=01;35:*.pbm=01;35:*.pgm=01;35:*.ppm=01;35:*.tga=01;35:*.xbm=01;35:*.xpm=01;35:*.tif=01;35:*.tiff=01;35:*.png=01;35:*.svg=01;35:*.svgz=01;35:*.mng=01;35:*.pcx=01;35:*.mov=01;35:*.mpg=01;35:*.mpeg=01;35:*.m2v=01;35:*.mkv=01;35:*.webm=01;35:*.webp=01;35:*.ogm=01;35:*.mp4=01;35:*.m4v=01;35:*.mp4v=01;35:*.vob=01;35:*.qt=01;35:*.nuv=01;35:*.wmv=01;35:*.asf=01;35:*.rm=01;35:*.rmvb=01;35:*.flc=01;35:*.avi=01;35:*.fli=01;35:*.flv=01;35:*.gl=01;35:*.dl=01;35:*.xcf=01;35:*.xwd=01;35:*.yuv=01;35:*.cgm=01;35:*.emf=01;35:*.ogv=01;35:*.ogx=01;35:*.aac=00;36:*.au=00;36:*.flac=00;36:*.m4a=00;36:*.mid=00;36:*.midi=00;36:*.mka=00;36:*.mp3=00;36:*.mpc=00;36:*.ogg=00;36:*.ra=00;36:*.wav=00;36:*.oga=00;36:*.opus=00;36:*.spx=00;36:*.xspf=00;36:'), ('VSCODE_GIT_IPC_HANDLE', '/run/user/1000/vscode-git-a9e8fd90e9.sock'), ('TERM_PROGRAM', 'vscode'), ('SSH_AGENT_LAUNCHER', 'gnome-keyring'), ('SSH_AUTH_SOCK', '/run/user/1000/keyring/ssh'), ('AMENT_PREFIX_PATH', '/opt/ros/humble'), ('SHELL', '/bin/bash'), ('LC_NAME', 'zh_CN.UTF-8'), ('__trae_PS1', '\\n(TraeAI-4) \\w [$?] $'), ('QT_ACCESSIBILITY', '1'), ('GDMSESSION', 'ubuntu'), ('LESSCLOSE', '/usr/bin/lesspipe %s %s'), ('LC_MEASUREMENT', 'zh_CN.UTF-8'), ('TRAE_SANDBOX_TRACE_FILE', '/tmp/trae_sandbox_trace_3bb584d3-1bc2-43a7-8882-694a8f263c62.jsonl'), ('GPG_AGENT_INFO', '/run/user/1000/gnupg/S.gpg-agent:0:1'), ('GJS_DEBUG_OUTPUT', 'stderr'), ('LC_IDENTIFICATION', 'zh_CN.UTF-8'), ('VSCODE_GIT_ASKPASS_EXTRA_ARGS', ''), ('GIT_PAGER', ''), ('QT_IM_MODULE', 'fcitx'), ('PWD', '/home/xxx/HUN_sentry_xxx/pb2025_Nav/build/auto_aim_interfaces'), ('SAFE_RM_ALLOWED_PATH', '/home/xxx/HUN_sentry_xxx:/home/xxx/HUN_sentry_xxx:/home/xxx/.trae-cn/memory'), ('XDG_CONFIG_DIRS', '/etc/xdg/xdg-ubuntu:/etc/xdg'), ('TERM_PRODUCT', 'Trae'), ('CLUTTER_IM_MODULE', 'fcitx'), ('XDG_DATA_DIRS', '/usr/share/ubuntu:/usr/share/gnome:/usr/local/share/:/usr/share/:/var/lib/snapd/desktop'), ('PYTHONPATH', '/opt/ros/humble/lib/python3.10/site-packages:/opt/ros/humble/local/lib/python3.10/dist-packages'), ('SAFE_RM_PROTECTION_FLAG', '/tmp/safe-rm-protection-flag-379acff7-1dfc-40ed-a93c-4ed71778d190'), ('LC_NUMERIC', 'zh_CN.UTF-8'), ('MVCAM_SDK_VERSION', ''), ('LC_PAPER', 'zh_CN.UTF-8'), ('COLCON', '1'), ('SAFE_RM_SOURCE_FLAG', '/tmp/safe-rm-source-flag-8f654204-6e11-48f7-9311-c980eda505b1'), ('MVCAM_COMMON_RUNENV', '/opt/MVS/lib'), ('CMAKE_PREFIX_PATH', '/opt/ros/humble')]), 'shell': False}
[0.042797] (auto_aim_interfaces) StdoutLine: {'line': b'-- The C compiler identification is GNU 11.4.0\n'}
[0.078163] (auto_aim_interfaces) StdoutLine: {'line': b'-- The CXX compiler identification is GNU 11.4.0\n'}
[0.082865] (auto_aim_interfaces) StdoutLine: {'line': b'-- Detecting C compiler ABI info\n'}
[0.099490] (-) TimerEvent: {}
[0.130970] (auto_aim_interfaces) StdoutLine: {'line': b'-- Detecting C compiler ABI info - done\n'}
[0.134620] (auto_aim_interfaces) StdoutLine: {'line': b'-- Check for working C compiler: /usr/bin/cc - skipped\n'}
[0.134734] (auto_aim_interfaces) StdoutLine: {'line': b'-- Detecting C compile features\n'}
[0.134936] (auto_aim_interfaces) StdoutLine: {'line': b'-- Detecting C compile features - done\n'}
[0.136594] (auto_aim_interfaces) StdoutLine: {'line': b'-- Detecting CXX compiler ABI info\n'}
[0.192241] (auto_aim_interfaces) StdoutLine: {'line': b'-- Detecting CXX compiler ABI info - done\n'}
[0.196011] (auto_aim_interfaces) StdoutLine: {'line': b'-- Check for working CXX compiler: /usr/bin/c++ - skipped\n'}
[0.196187] (auto_aim_interfaces) StdoutLine: {'line': b'-- Detecting CXX compile features\n'}
[0.196434] (auto_aim_interfaces) StdoutLine: {'line': b'-- Detecting CXX compile features - done\n'}
[0.199437] (auto_aim_interfaces) StdoutLine: {'line': b'-- Found ament_cmake: 1.3.14 (/opt/ros/humble/share/ament_cmake/cmake)\n'}
[0.199531] (-) TimerEvent: {}
[0.287449] (auto_aim_interfaces) StdoutLine: {'line': b'-- Found Python3: /usr/bin/python3 (found version "3.10.12") found components: Interpreter \n'}
[0.299634] (-) TimerEvent: {}
[0.349120] (auto_aim_interfaces) StdoutLine: {'line': b'-- Found rosidl_default_generators: 1.2.1 (/opt/ros/humble/share/rosidl_default_generators/cmake)\n'}
[0.351135] (auto_aim_interfaces) StdoutLine: {'line': b'-- Using all available rosidl_typesupport_c: rosidl_typesupport_fastrtps_c;rosidl_typesupport_introspection_c\n'}
[0.355724] (auto_aim_interfaces) StdoutLine: {'line': b'-- Found rosidl_adapter: 3.1.8 (/opt/ros/humble/share/rosidl_adapter/cmake)\n'}
[0.385130] (auto_aim_interfaces) StdoutLine: {'line': b'-- Using all available rosidl_typesupport_cpp: rosidl_typesupport_fastrtps_cpp;rosidl_typesupport_introspection_cpp\n'}
[0.399703] (-) TimerEvent: {}
[0.410514] (auto_aim_interfaces) StdoutLine: {'line': b'-- Found geometry_msgs: 4.9.1 (/opt/ros/humble/share/geometry_msgs/cmake)\n'}
[0.499805] (-) TimerEvent: {}
[0.599943] (-) TimerEvent: {}
[0.618291] (auto_aim_interfaces) StdoutLine: {'line': b'-- Found ament_cmake_ros: 0.10.0 (/opt/ros/humble/share/ament_cmake_ros/cmake)\n'}
[0.700038] (-) TimerEvent: {}
[0.770056] (auto_aim_interfaces) StdoutLine: {'line': b'-- Using all available rosidl_typesupport_c: rosidl_typesupport_fastrtps_c;rosidl_typesupport_introspection_c\n'}
[0.800133] (-) TimerEvent: {}
[0.900260] (-) TimerEvent: {}
[0.964676] (auto_aim_interfaces) StdoutLine: {'line': b'-- Using all available rosidl_typesupport_cpp: rosidl_typesupport_fastrtps_cpp;rosidl_typesupport_introspection_cpp\n'}
[0.979272] (auto_aim_interfaces) StdoutLine: {'line': b'-- Found PythonInterp: /usr/bin/python3 (found suitable version "3.10.12", minimum required is "3.6") \n'}
[0.981281] (auto_aim_interfaces) StdoutLine: {'line': b'-- Found python_cmake_module: 0.10.0 (/opt/ros/humble/share/python_cmake_module/cmake)\n'}
[0.999289] (auto_aim_interfaces) StdoutLine: {'line': b'-- Found PythonLibs: /usr/lib/x86_64-linux-gnu/libpython3.10.so (found suitable version "3.10.12", minimum required is "3.5") \n'}
[0.999367] (auto_aim_interfaces) StdoutLine: {'line': b'-- Using PYTHON_EXECUTABLE: /usr/bin/python3\n'}
[0.999404] (auto_aim_interfaces) StdoutLine: {'line': b'-- Using PYTHON_INCLUDE_DIRS: /usr/include/python3.10\n'}
[0.999436] (auto_aim_interfaces) StdoutLine: {'line': b'-- Using PYTHON_LIBRARIES: /usr/lib/x86_64-linux-gnu/libpython3.10.so\n'}
[1.000329] (-) TimerEvent: {}
[1.011760] (auto_aim_interfaces) StdoutLine: {'line': b'-- Found PythonExtra: .so  \n'}
[1.100438] (-) TimerEvent: {}
[1.103634] (auto_aim_interfaces) StdoutLine: {'line': b'-- Configuring done\n'}
[1.133517] (auto_aim_interfaces) StdoutLine: {'line': b'-- Generating done\n'}
[1.140501] (auto_aim_interfaces) StdoutLine: {'line': b'-- Build files have been written to: /home/xxx/HUN_sentry_xxx/pb2025_Nav/build/auto_aim_interfaces\n'}
[1.146484] (auto_aim_interfaces) CommandEnded: {'returncode': 0}
[1.147025] (auto_aim_interfaces) JobProgress: {'identifier': 'auto_aim_interfaces', 'progress': 'build'}
[1.147460] (auto_aim_interfaces) Command: {'cmd': ['/usr/bin/cmake', '--build', '/home/xxx/HUN_sentry_xxx/pb2025_Nav/build/auto_aim_interfaces', '--', '-j32', '-l32'], 'cwd': '/home/xxx/HUN_sentry_xxx/pb2025_Nav/build/auto_aim_interfaces', 'env': OrderedDict([('GJS_DEBUG_TOPICS', 'JS ERROR;JS LOG'), ('PYTHON_BASIC_REPL', '1'), ('LESSOPEN', '| /usr/bin/lesspipe %s'), ('MVS_PATH', '/opt/MVS'), ('AI_AGENT', 'TRAE'), ('LANGUAGE', 'zh_CN:zh:en_US:en'), ('TENSORRT_DIR', '/home/xxx/nvidia_libs/TensorRT-8.4.2.4'), ('USER', 'xxx'), ('LC_TIME', 'zh_CN.UTF-8'), ('XDG_SESSION_TYPE', 'x11'), ('ALLUSERSPROFILE', '/opt/MVS/MVFG'), ('GIT_ASKPASS', '/usr/share/trae-cn/resources/app/extensions/git/dist/askpass.sh'), ('SHLVL', '1'), ('LD_LIBRARY_PATH', '/usr/local/cuda-12.4/lib64:/opt/MVS/lib/64:/home/xxx/nvidia_libs/TensorRT-8.4.2.4/lib:/opt/MVS/lib/64:/opt/MVS/lib/32:/opt/ros/humble/opt/rviz_ogre_vendor/lib:/opt/ros/humble/lib/x86_64-linux-gnu:/opt/ros/humble/lib:/opt/MVS/lib/64:/opt/MVS/lib/32:/opt/MVS/lib/64:/opt/MVS/lib/32:'), ('HOME', '/home/xxx'), ('CHROME_DESKTOP', 'trae-cn.desktop'), ('OLDPWD', '/home/xxx/HUN_sentry_xxx/sk2026_xxx_version'), ('TERM_PROGRAM_VERSION', '1.107.1'), ('DESKTOP_SESSION', 'ubuntu'), ('GIO_LAUNCHED_DESKTOP_FILE', '/usr/share/applications/trae-cn.desktop'), ('TRAE_SANDBOX_CLI_PATH', '/usr/share/trae-cn/resources/app/modules/sandbox/trae-sandbox'), ('ROS_PYTHON_VERSION', '3'), ('GNOME_SHELL_SESSION_MODE', 'ubuntu'), ('GTK_MODULES', 'gail:atk-bridge'), ('PAGER', ''), ('VSCODE_GIT_ASKPASS_MAIN', '/usr/share/trae-cn/resources/app/extensions/git/dist/askpass-main.js'), ('LC_MONETARY', 'zh_CN.UTF-8'), ('VSCODE_GIT_ASKPASS_NODE', '/usr/share/trae-cn/trae-cn'), ('MANAGERPID', '2015'), ('TRAE_AI_SHELL_ID', '4'), ('TRAE_SANDBOX_SOURCE_FLAG_PATH', '/tmp/sandbox-source-flag-68af22aa-5130-4d14-ba29-aada38336179'), ('PYDEVD_DISABLE_FILE_VALIDATION', '1'), ('SYSTEMD_EXEC_PID', '2301'), ('BUNDLED_DEBUGPY_PATH', '/home/xxx/.trae-cn/extensions/ms-python.debugpy-2026.6.0-linux-x64/bundled/libs/debugpy'), ('VSCODE_PYTHON_AUTOACTIVATE_GUARD', '1'), ('DBUS_SESSION_BUS_ADDRESS', 'unix:path=/run/user/1000/bus'), ('COLORTERM', 'truecolor'), ('isArchMatched', '1'), ('GIO_LAUNCHED_DESKTOP_FILE_PID', '4522'), ('TRAE_JWT_TOKEN_PATH', '/home/xxx/.trae-cn/trae-jwt-token'), ('TRAE_SANDBOX_STORAGE_PATH', '/home/xxx/.config/Trae CN/ModularData/ai-agent/sandbox'), ('SAFE_RM_AUTO_ADD_TEMP', '1'), ('IM_CONFIG_PHASE', '1'), ('ROS_DISTRO', 'humble'), ('GTK_IM_MODULE', 'fcitx'), ('LOGNAME', 'xxx'), ('SAFE_RM_DENIED_PATH', '/home/xxx/HUN_sentry_xxx/.vscode:/home/xxx/HUN_sentry_xxx/.vscode:/home/xxx/HUN_sentry_xxx/.trae:/home/xxx/HUN_sentry_xxx/.trae:/home/xxx/HUN_sentry_xxx/.git:/home/xxx/HUN_sentry_xxx/.git'), ('JOURNAL_STREAM', '8:33942'), ('_', '/usr/bin/colcon'), ('ROS_VERSION', '2'), ('XDG_SESSION_CLASS', 'user'), ('USERNAME', 'xxx'), ('TERM', 'xterm-256color'), ('GNOME_DESKTOP_SESSION_ID', 'this-is-deprecated'), ('TRAE_SANDBOX_LOG_DIR', '/home/xxx/.config/Trae CN/logs/20260529T111118/Modular'), ('FC_FONTATIONS', '1'), ('ROS_LOCALHOST_ONLY', '0'), ('HISTCONTROL', 'ignorespace'), ('WINDOWPATH', '2'), ('MVCAM_SDK_PATH', '/opt/MVS'), ('PATH', '/home/xxx/.trae-cn/tools/trae-gopls/current:/home/xxx/.trae-cn/sdks/workspaces/1193382c/versions/node/current:/home/xxx/.trae-cn/sdks/versions/node/current:/usr/local/cuda-12.4/bin:/home/xxx/nvidia_libs/TensorRT-8.4.2.4/bin:/opt/ros/humble/bin:/home/xxx/.local/bin:/usr/local/sbin:/usr/local/bin:/usr/sbin:/usr/bin:/sbin:/bin:/usr/games:/usr/local/games:/snap/bin:/snap/bin'), ('SESSION_MANAGER', 'local/xxx:@/tmp/.ICE-unix/2274,unix/xxx:/tmp/.ICE-unix/2274'), ('INVOCATION_ID', '0635d3669d874d1d81998d3ce24af996'), ('MVCAM_GENICAM_CLPROTOCOL', '/opt/MVS/lib/CLProtocol'), ('XDG_MENU_PREFIX', 'gnome-'), ('LC_ADDRESS', 'zh_CN.UTF-8'), ('XDG_RUNTIME_DIR', '/run/user/1000'), ('GDK_BACKEND', 'x11'), ('DISPLAY', ':1'), ('FILESYSTEM_CASE_SENSITIVE', 'true'), ('VSCODE_DEBUGPY_ADAPTER_ENDPOINTS', '/home/xxx/.trae-cn/extensions/ms-python.debugpy-2026.6.0-linux-x64/.noConfigDebugAdapterEndpoints/endpoint-54b2b4dd95f56e7e.txt'), ('LANG', 'zh_CN.UTF-8'), ('XDG_CURRENT_DESKTOP', 'ubuntu:GNOME'), ('PYTHONSTARTUP', '/home/xxx/.config/Trae CN/User/workspaceStorage/1193382c88a709bb2cc56e828d812075/ms-python.python/pythonrc.py'), ('LC_TELEPHONE', 'zh_CN.UTF-8'), ('TRAE_SANDBOX_CONFIG_NAME', '6a1446c480a3af9f3db86f84'), ('XMODIFIERS', '@im=fcitx'), ('TRAE_SANDBOX_DUMP_DIR', '/home/xxx/.config/Trae CN/Crashpad/sandbox-pending'), ('XDG_SESSION_DESKTOP', 'ubuntu'), ('XAUTHORITY', '/run/user/1000/gdm/Xauthority'), ('TRAE_BRAND_NAME', 'Trae CN'), ('LS_COLORS', 'rs=0:di=01;34:ln=01;36:mh=00:pi=40;33:so=01;35:do=01;35:bd=40;33;01:cd=40;33;01:or=40;31;01:mi=00:su=37;41:sg=30;43:ca=30;41:tw=30;42:ow=34;42:st=37;44:ex=01;32:*.tar=01;31:*.tgz=01;31:*.arc=01;31:*.arj=01;31:*.taz=01;31:*.lha=01;31:*.lz4=01;31:*.lzh=01;31:*.lzma=01;31:*.tlz=01;31:*.txz=01;31:*.tzo=01;31:*.t7z=01;31:*.zip=01;31:*.z=01;31:*.dz=01;31:*.gz=01;31:*.lrz=01;31:*.lz=01;31:*.lzo=01;31:*.xz=01;31:*.zst=01;31:*.tzst=01;31:*.bz2=01;31:*.bz=01;31:*.tbz=01;31:*.tbz2=01;31:*.tz=01;31:*.deb=01;31:*.rpm=01;31:*.jar=01;31:*.war=01;31:*.ear=01;31:*.sar=01;31:*.rar=01;31:*.alz=01;31:*.ace=01;31:*.zoo=01;31:*.cpio=01;31:*.7z=01;31:*.rz=01;31:*.cab=01;31:*.wim=01;31:*.swm=01;31:*.dwm=01;31:*.esd=01;31:*.jpg=01;35:*.jpeg=01;35:*.mjpg=01;35:*.mjpeg=01;35:*.gif=01;35:*.bmp=01;35:*.pbm=01;35:*.pgm=01;35:*.ppm=01;35:*.tga=01;35:*.xbm=01;35:*.xpm=01;35:*.tif=01;35:*.tiff=01;35:*.png=01;35:*.svg=01;35:*.svgz=01;35:*.mng=01;35:*.pcx=01;35:*.mov=01;35:*.mpg=01;35:*.mpeg=01;35:*.m2v=01;35:*.mkv=01;35:*.webm=01;35:*.webp=01;35:*.ogm=01;35:*.mp4=01;35:*.m4v=01;35:*.mp4v=01;35:*.vob=01;35:*.qt=01;35:*.nuv=01;35:*.wmv=01;35:*.asf=01;35:*.rm=01;35:*.rmvb=01;35:*.flc=01;35:*.avi=01;35:*.fli=01;35:*.flv=01;35:*.gl=01;35:*.dl=01;35:*.xcf=01;35:*.xwd=01;35:*.yuv=01;35:*.cgm=01;35:*.emf=01;35:*.ogv=01;35:*.ogx=01;35:*.aac=00;36:*.au=00;36:*.flac=00;36:*.m4a=00;36:*.mid=00;36:*.midi=00;36:*.mka=00;36:*.mp3=00;36:*.mpc=00;36:*.ogg=00;36:*.ra=00;36:*.wav=00;36:*.oga=00;36:*.opus=00;36:*.spx=00;36:*.xspf=00;36:'), ('VSCODE_GIT_IPC_HANDLE', '/run/user/1000/vscode-git-a9e8fd90e9.sock'), ('TERM_PROGRAM', 'vscode'), ('SSH_AGENT_LAUNCHER', 'gnome-keyring'), ('SSH_AUTH_SOCK', '/run/user/1000/keyring/ssh'), ('AMENT_PREFIX_PATH', '/opt/ros/humble'), ('SHELL', '/bin/bash'), ('LC_NAME', 'zh_CN.UTF-8'), ('__trae_PS1', '\\n(TraeAI-4) \\w [$?] $'), ('QT_ACCESSIBILITY', '1'), ('GDMSESSION', 'ubuntu'), ('LESSCLOSE', '/usr/bin/lesspipe %s %s'), ('LC_MEASUREMENT', 'zh_CN.UTF-8'), ('TRAE_SANDBOX_TRACE_FILE', '/tmp/trae_sandbox_trace_3bb584d3-1bc2-43a7-8882-694a8f263c62.jsonl'), ('GPG_AGENT_INFO', '/run/user/1000/gnupg/S.gpg-agent:0:1'), ('GJS_DEBUG_OUTPUT', 'stderr'), ('LC_IDENTIFICATION', 'zh_CN.UTF-8'), ('VSCODE_GIT_ASKPASS_EXTRA_ARGS', ''), ('GIT_PAGER', ''), ('QT_IM_MODULE', 'fcitx'), ('PWD', '/home/xxx/HUN_sentry_xxx/pb2025_Nav/build/auto_aim_interfaces'), ('SAFE_RM_ALLOWED_PATH', '/home/xxx/HUN_sentry_xxx:/home/xxx/HUN_sentry_xxx:/home/xxx/.trae-cn/memory'), ('XDG_CONFIG_DIRS', '/etc/xdg/xdg-ubuntu:/etc/xdg'), ('TERM_PRODUCT', 'Trae'), ('CLUTTER_IM_MODULE', 'fcitx'), ('XDG_DATA_DIRS', '/usr/share/ubuntu:/usr/share/gnome:/usr/local/share/:/usr/share/:/var/lib/snapd/desktop'), ('PYTHONPATH', '/opt/ros/humble/lib/python3.10/site-packages:/opt/ros/humble/local/lib/python3.10/dist-packages'), ('SAFE_RM_PROTECTION_FLAG', '/tmp/safe-rm-protection-flag-379acff7-1dfc-40ed-a93c-4ed71778d190'), ('LC_NUMERIC', 'zh_CN.UTF-8'), ('MVCAM_SDK_VERSION', ''), ('LC_PAPER', 'zh_CN.UTF-8'), ('COLCON', '1'), ('SAFE_RM_SOURCE_FLAG', '/tmp/safe-rm-source-flag-8f654204-6e11-48f7-9311-c980eda505b1'), ('MVCAM_COMMON_RUNENV', '/opt/MVS/lib'), ('CMAKE_PREFIX_PATH', '/opt/ros/humble')]), 'shell': False}
[1.179683] (auto_aim_interfaces) StdoutLine: {'line': b'[  1%] Generating C code for ROS interfaces\n'}
[1.186251] (auto_aim_interfaces) StdoutLine: {'line': b'[  2%] Generating Rust code for ROS interfaces\n'}
[1.187494] (auto_aim_interfaces) StdoutLine: {'line': b'[  3%] Generating C++ code for ROS interfaces\n'}
[1.192289] (auto_aim_interfaces) StdoutLine: {'line': b'[  3%] Built target ament_cmake_python_copy_auto_aim_interfaces\n'}
[1.200508] (-) TimerEvent: {}
[1.300654] (-) TimerEvent: {}
[1.323913] (auto_aim_interfaces) StdoutLine: {'line': b'running egg_info\n'}
[1.324121] (auto_aim_interfaces) StdoutLine: {'line': b'creating auto_aim_interfaces.egg-info\n'}
[1.324249] (auto_aim_interfaces) StdoutLine: {'line': b'writing auto_aim_interfaces.egg-info/PKG-INFO\n'}
[1.324344] (auto_aim_interfaces) StdoutLine: {'line': b'writing dependency_links to auto_aim_interfaces.egg-info/dependency_links.txt\n'}
[1.324455] (auto_aim_interfaces) StdoutLine: {'line': b'writing top-level names to auto_aim_interfaces.egg-info/top_level.txt\n'}
[1.324602] (auto_aim_interfaces) StdoutLine: {'line': b"writing manifest file 'auto_aim_interfaces.egg-info/SOURCES.txt'\n"}
[1.325862] (auto_aim_interfaces) StdoutLine: {'line': b"reading manifest file 'auto_aim_interfaces.egg-info/SOURCES.txt'\n"}
[1.326099] (auto_aim_interfaces) StdoutLine: {'line': b"writing manifest file 'auto_aim_interfaces.egg-info/SOURCES.txt'\n"}
[1.343167] (auto_aim_interfaces) StdoutLine: {'line': b'[  3%] Built target ament_cmake_python_build_auto_aim_interfaces_egg\n'}
[1.362223] (auto_aim_interfaces) StdoutLine: {'line': b'[  3%] Built target auto_aim_interfaces__rs\n'}
[1.400745] (-) TimerEvent: {}
[1.484727] (auto_aim_interfaces) StdoutLine: {'line': b'[  3%] Built target auto_aim_interfaces__cpp\n'}
[1.493001] (auto_aim_interfaces) StdoutLine: {'line': b'[  6%] Generating C++ introspection for ROS interfaces\n'}
[1.493124] (auto_aim_interfaces) StdoutLine: {'line': b'[  6%] Generating C++ type support dispatch for ROS interfaces\n'}
[1.493165] (auto_aim_interfaces) StdoutLine: {'line': b'[  6%] Generating C++ type support for eProsima Fast-RTPS\n'}
[1.500827] (-) TimerEvent: {}
[1.503247] (auto_aim_interfaces) StdoutLine: {'line': b'[  9%] Building C object CMakeFiles/auto_aim_interfaces__rosidl_generator_c.dir/rosidl_generator_c/auto_aim_interfaces/msg/detail/armors__functions.c.o\n'}
[1.503365] (auto_aim_interfaces) StdoutLine: {'line': b'[  9%] Building C object CMakeFiles/auto_aim_interfaces__rosidl_generator_c.dir/rosidl_generator_c/auto_aim_interfaces/msg/detail/armor__functions.c.o\n'}
[1.504069] (auto_aim_interfaces) StdoutLine: {'line': b'[ 13%] Building C object CMakeFiles/auto_aim_interfaces__rosidl_generator_c.dir/rosidl_generator_c/auto_aim_interfaces/msg/detail/debug_lights__functions.c.o\n'}
[1.504204] (auto_aim_interfaces) StdoutLine: {'line': b'[ 13%] Building C object CMakeFiles/auto_aim_interfaces__rosidl_generator_c.dir/rosidl_generator_c/auto_aim_interfaces/msg/detail/target__functions.c.o\n'}
[1.504356] (auto_aim_interfaces) StdoutLine: {'line': b'[ 13%] Building C object CMakeFiles/auto_aim_interfaces__rosidl_generator_c.dir/rosidl_generator_c/auto_aim_interfaces/msg/detail/debug_armor__functions.c.o\n'}
[1.504394] (auto_aim_interfaces) StdoutLine: {'line': b'[ 13%] Building C object CMakeFiles/auto_aim_interfaces__rosidl_generator_c.dir/rosidl_generator_c/auto_aim_interfaces/msg/detail/debug_light__functions.c.o\n'}
[1.504426] (auto_aim_interfaces) StdoutLine: {'line': b'[ 14%] Building C object CMakeFiles/auto_aim_interfaces__rosidl_generator_c.dir/rosidl_generator_c/auto_aim_interfaces/msg/detail/debug_armors__functions.c.o\n'}
[1.504464] (auto_aim_interfaces) StdoutLine: {'line': b'[ 15%] Building C object CMakeFiles/auto_aim_interfaces__rosidl_generator_c.dir/rosidl_generator_c/auto_aim_interfaces/msg/detail/tracker_info__functions.c.o\n'}
[1.539625] (auto_aim_interfaces) StdoutLine: {'line': b'[ 17%] Linking C shared library libauto_aim_interfaces__rosidl_generator_c.so\n'}
[1.570932] (auto_aim_interfaces) StdoutLine: {'line': b'[ 17%] Built target auto_aim_interfaces__rosidl_generator_c\n'}
[1.579020] (auto_aim_interfaces) StdoutLine: {'line': b'[ 20%] Generating C type support dispatch for ROS interfaces\n'}
[1.579126] (auto_aim_interfaces) StdoutLine: {'line': b'[ 20%] Generating C introspection for ROS interfaces\n'}
[1.579184] (auto_aim_interfaces) StdoutLine: {'line': b'[ 20%] Generating C type support for eProsima Fast-RTPS\n'}
[1.600929] (-) TimerEvent: {}
[1.694893] (auto_aim_interfaces) StdoutLine: {'line': b'[ 22%] Building CXX object CMakeFiles/auto_aim_interfaces__rosidl_typesupport_cpp.dir/rosidl_typesupport_cpp/auto_aim_interfaces/msg/armor__type_support.cpp.o\n'}
[1.695131] (auto_aim_interfaces) StdoutLine: {'line': b'[ 22%] Building CXX object CMakeFiles/auto_aim_interfaces__rosidl_typesupport_cpp.dir/rosidl_typesupport_cpp/auto_aim_interfaces/msg/armors__type_support.cpp.o\n'}
[1.695193] (auto_aim_interfaces) StdoutLine: {'line': b'[ 23%] Building CXX object CMakeFiles/auto_aim_interfaces__rosidl_typesupport_cpp.dir/rosidl_typesupport_cpp/auto_aim_interfaces/msg/target__type_support.cpp.o\n'}
[1.695370] (auto_aim_interfaces) StdoutLine: {'line': b'[ 25%] Building CXX object CMakeFiles/auto_aim_interfaces__rosidl_typesupport_cpp.dir/rosidl_typesupport_cpp/auto_aim_interfaces/msg/debug_lights__type_support.cpp.o\n'}
[1.696013] (auto_aim_interfaces) StdoutLine: {'line': b'[ 26%] Building CXX object CMakeFiles/auto_aim_interfaces__rosidl_typesupport_cpp.dir/rosidl_typesupport_cpp/auto_aim_interfaces/msg/debug_armors__type_support.cpp.o\n'}
[1.696177] (auto_aim_interfaces) StdoutLine: {'line': b'[ 27%] Building CXX object CMakeFiles/auto_aim_interfaces__rosidl_typesupport_cpp.dir/rosidl_typesupport_cpp/auto_aim_interfaces/msg/tracker_info__type_support.cpp.o\n'}
[1.696666] (auto_aim_interfaces) StdoutLine: {'line': b'[ 29%] Building CXX object CMakeFiles/auto_aim_interfaces__rosidl_typesupport_cpp.dir/rosidl_typesupport_cpp/auto_aim_interfaces/msg/debug_armor__type_support.cpp.o\n'}
[1.696733] (auto_aim_interfaces) StdoutLine: {'line': b'[ 29%] Building CXX object CMakeFiles/auto_aim_interfaces__rosidl_typesupport_cpp.dir/rosidl_typesupport_cpp/auto_aim_interfaces/msg/debug_light__type_support.cpp.o\n'}
[1.701006] (-) TimerEvent: {}
[1.737480] (auto_aim_interfaces) StdoutLine: {'line': b'[ 31%] Building CXX object CMakeFiles/auto_aim_interfaces__rosidl_typesupport_introspection_cpp.dir/rosidl_typesupport_introspection_cpp/auto_aim_interfaces/msg/detail/armor__type_support.cpp.o\n'}
[1.737667] (auto_aim_interfaces) StdoutLine: {'line': b'[ 31%] Building CXX object CMakeFiles/auto_aim_interfaces__rosidl_typesupport_introspection_cpp.dir/rosidl_typesupport_introspection_cpp/auto_aim_interfaces/msg/detail/armors__type_support.cpp.o\n'}
[1.737900] (auto_aim_interfaces) StdoutLine: {'line': b'[ 32%] Building CXX object CMakeFiles/auto_aim_interfaces__rosidl_typesupport_introspection_cpp.dir/rosidl_typesupport_introspection_cpp/auto_aim_interfaces/msg/detail/debug_armor__type_support.cpp.o\n'}
[1.738584] (auto_aim_interfaces) StdoutLine: {'line': b'[ 34%] Building CXX object CMakeFiles/auto_aim_interfaces__rosidl_typesupport_introspection_cpp.dir/rosidl_typesupport_introspection_cpp/auto_aim_interfaces/msg/detail/target__type_support.cpp.o\n'}
[1.739088] (auto_aim_interfaces) StdoutLine: {'line': b'[ 35%] Building CXX object CMakeFiles/auto_aim_interfaces__rosidl_typesupport_introspection_cpp.dir/rosidl_typesupport_introspection_cpp/auto_aim_interfaces/msg/detail/debug_light__type_support.cpp.o\n'}
[1.740129] (auto_aim_interfaces) StdoutLine: {'line': b'[ 37%] Building CXX object CMakeFiles/auto_aim_interfaces__rosidl_typesupport_introspection_cpp.dir/rosidl_typesupport_introspection_cpp/auto_aim_interfaces/msg/detail/debug_armors__type_support.cpp.o\n'}
[1.740507] (auto_aim_interfaces) StdoutLine: {'line': b'[ 37%] Building CXX object CMakeFiles/auto_aim_interfaces__rosidl_typesupport_introspection_cpp.dir/rosidl_typesupport_introspection_cpp/auto_aim_interfaces/msg/detail/debug_lights__type_support.cpp.o\n'}
[1.740586] (auto_aim_interfaces) StdoutLine: {'line': b'[ 38%] Building CXX object CMakeFiles/auto_aim_interfaces__rosidl_typesupport_introspection_cpp.dir/rosidl_typesupport_introspection_cpp/auto_aim_interfaces/msg/detail/tracker_info__type_support.cpp.o\n'}
[1.785305] (auto_aim_interfaces) StdoutLine: {'line': b'[ 39%] Building CXX object CMakeFiles/auto_aim_interfaces__rosidl_typesupport_fastrtps_cpp.dir/rosidl_typesupport_fastrtps_cpp/auto_aim_interfaces/msg/detail/dds_fastrtps/target__type_support.cpp.o\n'}
[1.787341] (auto_aim_interfaces) StdoutLine: {'line': b'[ 43%] Building CXX object CMakeFiles/auto_aim_interfaces__rosidl_typesupport_fastrtps_cpp.dir/rosidl_typesupport_fastrtps_cpp/auto_aim_interfaces/msg/detail/dds_fastrtps/debug_armor__type_support.cpp.o\n'}
[1.787461] (auto_aim_interfaces) StdoutLine: {'line': b'[ 43%] Building CXX object CMakeFiles/auto_aim_interfaces__rosidl_typesupport_fastrtps_cpp.dir/rosidl_typesupport_fastrtps_cpp/auto_aim_interfaces/msg/detail/dds_fastrtps/debug_light__type_support.cpp.o\n'}
[1.787528] (auto_aim_interfaces) StdoutLine: {'line': b'[ 44%] Building CXX object CMakeFiles/auto_aim_interfaces__rosidl_typesupport_fastrtps_cpp.dir/rosidl_typesupport_fastrtps_cpp/auto_aim_interfaces/msg/detail/dds_fastrtps/armors__type_support.cpp.o\n'}
[1.787594] (auto_aim_interfaces) StdoutLine: {'line': b'[ 44%] Building CXX object CMakeFiles/auto_aim_interfaces__rosidl_typesupport_fastrtps_cpp.dir/rosidl_typesupport_fastrtps_cpp/auto_aim_interfaces/msg/detail/dds_fastrtps/armor__type_support.cpp.o\n'}
[1.787644] (auto_aim_interfaces) StdoutLine: {'line': b'[ 45%] Building CXX object CMakeFiles/auto_aim_interfaces__rosidl_typesupport_fastrtps_cpp.dir/rosidl_typesupport_fastrtps_cpp/auto_aim_interfaces/msg/detail/dds_fastrtps/debug_lights__type_support.cpp.o\n'}
[1.787693] (auto_aim_interfaces) StdoutLine: {'line': b'[ 46%] Building CXX object CMakeFiles/auto_aim_interfaces__rosidl_typesupport_fastrtps_cpp.dir/rosidl_typesupport_fastrtps_cpp/auto_aim_interfaces/msg/detail/dds_fastrtps/tracker_info__type_support.cpp.o\n'}
[1.789224] (auto_aim_interfaces) StdoutLine: {'line': b'[ 47%] Building CXX object CMakeFiles/auto_aim_interfaces__rosidl_typesupport_fastrtps_cpp.dir/rosidl_typesupport_fastrtps_cpp/auto_aim_interfaces/msg/detail/dds_fastrtps/debug_armors__type_support.cpp.o\n'}
[1.801123] (-) TimerEvent: {}
[1.805329] (auto_aim_interfaces) StdoutLine: {'line': b'[ 50%] Building CXX object CMakeFiles/auto_aim_interfaces__rosidl_typesupport_c.dir/rosidl_typesupport_c/auto_aim_interfaces/msg/debug_armor__type_support.cpp.o\n'}
[1.805846] (auto_aim_interfaces) StdoutLine: {'line': b'[ 50%] Building CXX object CMakeFiles/auto_aim_interfaces__rosidl_typesupport_c.dir/rosidl_typesupport_c/auto_aim_interfaces/msg/armor__type_support.cpp.o\n'}
[1.806860] (auto_aim_interfaces) StdoutLine: {'line': b'[ 51%] Building CXX object CMakeFiles/auto_aim_interfaces__rosidl_typesupport_c.dir/rosidl_typesupport_c/auto_aim_interfaces/msg/target__type_support.cpp.o\n'}
[1.807009] (auto_aim_interfaces) StdoutLine: {'line': b'[ 52%] Building CXX object CMakeFiles/auto_aim_interfaces__rosidl_typesupport_c.dir/rosidl_typesupport_c/auto_aim_interfaces/msg/armors__type_support.cpp.o\n'}
[1.811452] (auto_aim_interfaces) StdoutLine: {'line': b'[ 53%] Building CXX object CMakeFiles/auto_aim_interfaces__rosidl_typesupport_c.dir/rosidl_typesupport_c/auto_aim_interfaces/msg/debug_light__type_support.cpp.o\n'}
[1.814866] (auto_aim_interfaces) StdoutLine: {'line': b'[ 54%] Building CXX object CMakeFiles/auto_aim_interfaces__rosidl_typesupport_c.dir/rosidl_typesupport_c/auto_aim_interfaces/msg/debug_lights__type_support.cpp.o\n'}
[1.843498] (auto_aim_interfaces) StdoutLine: {'line': b'[ 55%] Building CXX object CMakeFiles/auto_aim_interfaces__rosidl_typesupport_c.dir/rosidl_typesupport_c/auto_aim_interfaces/msg/tracker_info__type_support.cpp.o\n'}
[1.845302] (auto_aim_interfaces) StdoutLine: {'line': b'[ 56%] Building CXX object CMakeFiles/auto_aim_interfaces__rosidl_typesupport_c.dir/rosidl_typesupport_c/auto_aim_interfaces/msg/debug_armors__type_support.cpp.o\n'}
[1.886043] (auto_aim_interfaces) StdoutLine: {'line': b'[ 57%] Linking CXX shared library libauto_aim_interfaces__rosidl_typesupport_c.so\n'}
[1.901280] (-) TimerEvent: {}
[1.902804] (auto_aim_interfaces) StdoutLine: {'line': b'[ 59%] Building C object CMakeFiles/auto_aim_interfaces__rosidl_typesupport_introspection_c.dir/rosidl_typesupport_introspection_c/auto_aim_interfaces/msg/detail/armor__type_support.c.o\n'}
[1.903000] (auto_aim_interfaces) StdoutLine: {'line': b'[ 60%] Building C object CMakeFiles/auto_aim_interfaces__rosidl_typesupport_introspection_c.dir/rosidl_typesupport_introspection_c/auto_aim_interfaces/msg/detail/target__type_support.c.o\n'}
[1.903297] (auto_aim_interfaces) StdoutLine: {'line': b'[ 62%] Building C object CMakeFiles/auto_aim_interfaces__rosidl_typesupport_introspection_c.dir/rosidl_typesupport_introspection_c/auto_aim_interfaces/msg/detail/debug_light__type_support.c.o\n'}
[1.903482] (auto_aim_interfaces) StdoutLine: {'line': b'[ 62%] Building C object CMakeFiles/auto_aim_interfaces__rosidl_typesupport_introspection_c.dir/rosidl_typesupport_introspection_c/auto_aim_interfaces/msg/detail/debug_lights__type_support.c.o\n'}
[1.903593] (auto_aim_interfaces) StdoutLine: {'line': b'[ 63%] Building C object CMakeFiles/auto_aim_interfaces__rosidl_typesupport_introspection_c.dir/rosidl_typesupport_introspection_c/auto_aim_interfaces/msg/detail/armors__type_support.c.o\n'}
[1.904233] (auto_aim_interfaces) StdoutLine: {'line': b'[ 64%] Building C object CMakeFiles/auto_aim_interfaces__rosidl_typesupport_introspection_c.dir/rosidl_typesupport_introspection_c/auto_aim_interfaces/msg/detail/debug_armor__type_support.c.o\n'}
[1.904724] (auto_aim_interfaces) StdoutLine: {'line': b'[ 65%] Building C object CMakeFiles/auto_aim_interfaces__rosidl_typesupport_introspection_c.dir/rosidl_typesupport_introspection_c/auto_aim_interfaces/msg/detail/tracker_info__type_support.c.o\n'}
[1.904822] (auto_aim_interfaces) StdoutLine: {'line': b'[ 67%] Building C object CMakeFiles/auto_aim_interfaces__rosidl_typesupport_introspection_c.dir/rosidl_typesupport_introspection_c/auto_aim_interfaces/msg/detail/debug_armors__type_support.c.o\n'}
[1.916326] (auto_aim_interfaces) StdoutLine: {'line': b'[ 68%] Building CXX object CMakeFiles/auto_aim_interfaces__rosidl_typesupport_fastrtps_c.dir/rosidl_typesupport_fastrtps_c/auto_aim_interfaces/msg/detail/armor__type_support_c.cpp.o\n'}
[1.920608] (auto_aim_interfaces) StdoutLine: {'line': b'[ 69%] Building CXX object CMakeFiles/auto_aim_interfaces__rosidl_typesupport_fastrtps_c.dir/rosidl_typesupport_fastrtps_c/auto_aim_interfaces/msg/detail/target__type_support_c.cpp.o\n'}
[1.920819] (auto_aim_interfaces) StdoutLine: {'line': b'[ 70%] Building CXX object CMakeFiles/auto_aim_interfaces__rosidl_typesupport_fastrtps_c.dir/rosidl_typesupport_fastrtps_c/auto_aim_interfaces/msg/detail/armors__type_support_c.cpp.o\n'}
[1.920889] (auto_aim_interfaces) StdoutLine: {'line': b'[ 71%] Building CXX object CMakeFiles/auto_aim_interfaces__rosidl_typesupport_fastrtps_c.dir/rosidl_typesupport_fastrtps_c/auto_aim_interfaces/msg/detail/debug_light__type_support_c.cpp.o\n'}
[1.920945] (auto_aim_interfaces) StdoutLine: {'line': b'[ 72%] Building CXX object CMakeFiles/auto_aim_interfaces__rosidl_typesupport_fastrtps_c.dir/rosidl_typesupport_fastrtps_c/auto_aim_interfaces/msg/detail/debug_lights__type_support_c.cpp.o\n'}
[1.923216] (auto_aim_interfaces) StdoutLine: {'line': b'[ 73%] Building CXX object CMakeFiles/auto_aim_interfaces__rosidl_typesupport_fastrtps_c.dir/rosidl_typesupport_fastrtps_c/auto_aim_interfaces/msg/detail/debug_armor__type_support_c.cpp.o\n'}
[1.924543] (auto_aim_interfaces) StdoutLine: {'line': b'[ 75%] Linking CXX shared library libauto_aim_interfaces__rosidl_typesupport_cpp.so\n'}
[1.941718] (auto_aim_interfaces) StdoutLine: {'line': b'[ 76%] Building CXX object CMakeFiles/auto_aim_interfaces__rosidl_typesupport_fastrtps_c.dir/rosidl_typesupport_fastrtps_c/auto_aim_interfaces/msg/detail/debug_armors__type_support_c.cpp.o\n'}
[1.942122] (auto_aim_interfaces) StdoutLine: {'line': b'[ 76%] Built target auto_aim_interfaces__rosidl_typesupport_c\n'}
[1.944772] (auto_aim_interfaces) StdoutLine: {'line': b'[ 77%] Building CXX object CMakeFiles/auto_aim_interfaces__rosidl_typesupport_fastrtps_c.dir/rosidl_typesupport_fastrtps_c/auto_aim_interfaces/msg/detail/tracker_info__type_support_c.cpp.o\n'}
[1.953345] (auto_aim_interfaces) StdoutLine: {'line': b'[ 78%] Linking C shared library libauto_aim_interfaces__rosidl_typesupport_introspection_c.so\n'}
[1.966777] (auto_aim_interfaces) StdoutLine: {'line': b'[ 78%] Built target auto_aim_interfaces__rosidl_typesupport_cpp\n'}
[1.988360] (auto_aim_interfaces) StdoutLine: {'line': b'[ 78%] Built target auto_aim_interfaces__rosidl_typesupport_introspection_c\n'}
[2.001402] (-) TimerEvent: {}
[2.088085] (auto_aim_interfaces) StdoutLine: {'line': b'[ 79%] Linking CXX shared library libauto_aim_interfaces__rosidl_typesupport_introspection_cpp.so\n'}
[2.101518] (-) TimerEvent: {}
[2.119158] (auto_aim_interfaces) StdoutLine: {'line': b'[ 80%] Linking CXX shared library libauto_aim_interfaces__rosidl_typesupport_fastrtps_cpp.so\n'}
[2.150551] (auto_aim_interfaces) StdoutLine: {'line': b'[ 80%] Built target auto_aim_interfaces__rosidl_typesupport_introspection_cpp\n'}
[2.175482] (auto_aim_interfaces) StdoutLine: {'line': b'[ 81%] Linking CXX shared library libauto_aim_interfaces__rosidl_typesupport_fastrtps_c.so\n'}
[2.176629] (auto_aim_interfaces) StdoutLine: {'line': b'[ 81%] Built target auto_aim_interfaces__rosidl_typesupport_fastrtps_cpp\n'}
[2.201594] (-) TimerEvent: {}
[2.225927] (auto_aim_interfaces) StdoutLine: {'line': b'[ 81%] Built target auto_aim_interfaces__rosidl_typesupport_fastrtps_c\n'}
[2.240421] (auto_aim_interfaces) StdoutLine: {'line': b'[ 81%] Built target auto_aim_interfaces\n'}
[2.256223] (auto_aim_interfaces) StdoutLine: {'line': b'[ 82%] Generating Python code for ROS interfaces\n'}
[2.301689] (-) TimerEvent: {}
[2.401805] (-) TimerEvent: {}
[2.501910] (-) TimerEvent: {}
[2.602018] (-) TimerEvent: {}
[2.702151] (-) TimerEvent: {}
[2.709924] (auto_aim_interfaces) StdoutLine: {'line': b'[ 82%] Built target auto_aim_interfaces__py\n'}
[2.724392] (auto_aim_interfaces) StdoutLine: {'line': b'[ 84%] Building C object CMakeFiles/auto_aim_interfaces__rosidl_generator_py.dir/rosidl_generator_py/auto_aim_interfaces/msg/_armor_s.c.o\n'}
[2.724974] (auto_aim_interfaces) StdoutLine: {'line': b'[ 85%] Building C object CMakeFiles/auto_aim_interfaces__rosidl_generator_py.dir/rosidl_generator_py/auto_aim_interfaces/msg/_target_s.c.o\n'}
[2.725425] (auto_aim_interfaces) StdoutLine: {'line': b'[ 88%] Building C object CMakeFiles/auto_aim_interfaces__rosidl_generator_py.dir/rosidl_generator_py/auto_aim_interfaces/msg/_debug_light_s.c.o\n'}
[2.725462] (auto_aim_interfaces) StdoutLine: {'line': b'[ 88%] Building C object CMakeFiles/auto_aim_interfaces__rosidl_generator_py.dir/rosidl_generator_py/auto_aim_interfaces/msg/_armors_s.c.o\n'}
[2.725491] (auto_aim_interfaces) StdoutLine: {'line': b'[ 88%] Building C object CMakeFiles/auto_aim_interfaces__rosidl_generator_py.dir/rosidl_generator_py/auto_aim_interfaces/msg/_debug_lights_s.c.o\n'}
[2.725652] (auto_aim_interfaces) StdoutLine: {'line': b'[ 89%] Building C object CMakeFiles/auto_aim_interfaces__rosidl_generator_py.dir/rosidl_generator_py/auto_aim_interfaces/msg/_debug_armor_s.c.o\n'}
[2.726022] (auto_aim_interfaces) StdoutLine: {'line': b'[ 90%] Building C object CMakeFiles/auto_aim_interfaces__rosidl_generator_py.dir/rosidl_generator_py/auto_aim_interfaces/msg/_debug_armors_s.c.o\n'}
[2.726150] (auto_aim_interfaces) StdoutLine: {'line': b'[ 92%] Building C object CMakeFiles/auto_aim_interfaces__rosidl_generator_py.dir/rosidl_generator_py/auto_aim_interfaces/msg/_tracker_info_s.c.o\n'}
[2.800464] (auto_aim_interfaces) StdoutLine: {'line': b'[ 93%] Linking C shared library rosidl_generator_py/auto_aim_interfaces/libauto_aim_interfaces__rosidl_generator_py.so\n'}
[2.802216] (-) TimerEvent: {}
[2.833223] (auto_aim_interfaces) StdoutLine: {'line': b'[ 93%] Built target auto_aim_interfaces__rosidl_generator_py\n'}
[2.848465] (auto_aim_interfaces) StdoutLine: {'line': b'[ 94%] Building C object CMakeFiles/auto_aim_interfaces__rosidl_typesupport_introspection_c__pyext.dir/rosidl_generator_py/auto_aim_interfaces/_auto_aim_interfaces_s.ep.rosidl_typesupport_introspection_c.c.o\n'}
[2.848928] (auto_aim_interfaces) StdoutLine: {'line': b'[ 95%] Building C object CMakeFiles/auto_aim_interfaces__rosidl_typesupport_c__pyext.dir/rosidl_generator_py/auto_aim_interfaces/_auto_aim_interfaces_s.ep.rosidl_typesupport_c.c.o\n'}
[2.849071] (auto_aim_interfaces) StdoutLine: {'line': b'[ 96%] Building C object CMakeFiles/auto_aim_interfaces__rosidl_typesupport_fastrtps_c__pyext.dir/rosidl_generator_py/auto_aim_interfaces/_auto_aim_interfaces_s.ep.rosidl_typesupport_fastrtps_c.c.o\n'}
[2.902330] (-) TimerEvent: {}
[2.923110] (auto_aim_interfaces) StdoutLine: {'line': b'[ 97%] Linking C shared library rosidl_generator_py/auto_aim_interfaces/auto_aim_interfaces_s__rosidl_typesupport_fastrtps_c.cpython-310-x86_64-linux-gnu.so\n'}
[2.923456] (auto_aim_interfaces) StdoutLine: {'line': b'[100%] Linking C shared library rosidl_generator_py/auto_aim_interfaces/auto_aim_interfaces_s__rosidl_typesupport_introspection_c.cpython-310-x86_64-linux-gnu.so\n'}
[2.923509] (auto_aim_interfaces) StdoutLine: {'line': b'[100%] Linking C shared library rosidl_generator_py/auto_aim_interfaces/auto_aim_interfaces_s__rosidl_typesupport_c.cpython-310-x86_64-linux-gnu.so\n'}
[2.951713] (auto_aim_interfaces) StdoutLine: {'line': b'[100%] Built target auto_aim_interfaces__rosidl_typesupport_c__pyext\n'}
[2.952505] (auto_aim_interfaces) StdoutLine: {'line': b'[100%] Built target auto_aim_interfaces__rosidl_typesupport_fastrtps_c__pyext\n'}
[2.952620] (auto_aim_interfaces) StdoutLine: {'line': b'[100%] Built target auto_aim_interfaces__rosidl_typesupport_introspection_c__pyext\n'}
[2.961226] (auto_aim_interfaces) CommandEnded: {'returncode': 0}
[2.961723] (auto_aim_interfaces) JobProgress: {'identifier': 'auto_aim_interfaces', 'progress': 'install'}
[2.967707] (auto_aim_interfaces) Command: {'cmd': ['/usr/bin/cmake', '--install', '/home/xxx/HUN_sentry_xxx/pb2025_Nav/build/auto_aim_interfaces'], 'cwd': '/home/xxx/HUN_sentry_xxx/pb2025_Nav/build/auto_aim_interfaces', 'env': OrderedDict([('GJS_DEBUG_TOPICS', 'JS ERROR;JS LOG'), ('PYTHON_BASIC_REPL', '1'), ('LESSOPEN', '| /usr/bin/lesspipe %s'), ('MVS_PATH', '/opt/MVS'), ('AI_AGENT', 'TRAE'), ('LANGUAGE', 'zh_CN:zh:en_US:en'), ('TENSORRT_DIR', '/home/xxx/nvidia_libs/TensorRT-8.4.2.4'), ('USER', 'xxx'), ('LC_TIME', 'zh_CN.UTF-8'), ('XDG_SESSION_TYPE', 'x11'), ('ALLUSERSPROFILE', '/opt/MVS/MVFG'), ('GIT_ASKPASS', '/usr/share/trae-cn/resources/app/extensions/git/dist/askpass.sh'), ('SHLVL', '1'), ('LD_LIBRARY_PATH', '/usr/local/cuda-12.4/lib64:/opt/MVS/lib/64:/home/xxx/nvidia_libs/TensorRT-8.4.2.4/lib:/opt/MVS/lib/64:/opt/MVS/lib/32:/opt/ros/humble/opt/rviz_ogre_vendor/lib:/opt/ros/humble/lib/x86_64-linux-gnu:/opt/ros/humble/lib:/opt/MVS/lib/64:/opt/MVS/lib/32:/opt/MVS/lib/64:/opt/MVS/lib/32:'), ('HOME', '/home/xxx'), ('CHROME_DESKTOP', 'trae-cn.desktop'), ('OLDPWD', '/home/xxx/HUN_sentry_xxx/sk2026_xxx_version'), ('TERM_PROGRAM_VERSION', '1.107.1'), ('DESKTOP_SESSION', 'ubuntu'), ('GIO_LAUNCHED_DESKTOP_FILE', '/usr/share/applications/trae-cn.desktop'), ('TRAE_SANDBOX_CLI_PATH', '/usr/share/trae-cn/resources/app/modules/sandbox/trae-sandbox'), ('ROS_PYTHON_VERSION', '3'), ('GNOME_SHELL_SESSION_MODE', 'ubuntu'), ('GTK_MODULES', 'gail:atk-bridge'), ('PAGER', ''), ('VSCODE_GIT_ASKPASS_MAIN', '/usr/share/trae-cn/resources/app/extensions/git/dist/askpass-main.js'), ('LC_MONETARY', 'zh_CN.UTF-8'), ('VSCODE_GIT_ASKPASS_NODE', '/usr/share/trae-cn/trae-cn'), ('MANAGERPID', '2015'), ('TRAE_AI_SHELL_ID', '4'), ('TRAE_SANDBOX_SOURCE_FLAG_PATH', '/tmp/sandbox-source-flag-68af22aa-5130-4d14-ba29-aada38336179'), ('PYDEVD_DISABLE_FILE_VALIDATION', '1'), ('SYSTEMD_EXEC_PID', '2301'), ('BUNDLED_DEBUGPY_PATH', '/home/xxx/.trae-cn/extensions/ms-python.debugpy-2026.6.0-linux-x64/bundled/libs/debugpy'), ('VSCODE_PYTHON_AUTOACTIVATE_GUARD', '1'), ('DBUS_SESSION_BUS_ADDRESS', 'unix:path=/run/user/1000/bus'), ('COLORTERM', 'truecolor'), ('isArchMatched', '1'), ('GIO_LAUNCHED_DESKTOP_FILE_PID', '4522'), ('TRAE_JWT_TOKEN_PATH', '/home/xxx/.trae-cn/trae-jwt-token'), ('TRAE_SANDBOX_STORAGE_PATH', '/home/xxx/.config/Trae CN/ModularData/ai-agent/sandbox'), ('SAFE_RM_AUTO_ADD_TEMP', '1'), ('IM_CONFIG_PHASE', '1'), ('ROS_DISTRO', 'humble'), ('GTK_IM_MODULE', 'fcitx'), ('LOGNAME', 'xxx'), ('SAFE_RM_DENIED_PATH', '/home/xxx/HUN_sentry_xxx/.vscode:/home/xxx/HUN_sentry_xxx/.vscode:/home/xxx/HUN_sentry_xxx/.trae:/home/xxx/HUN_sentry_xxx/.trae:/home/xxx/HUN_sentry_xxx/.git:/home/xxx/HUN_sentry_xxx/.git'), ('JOURNAL_STREAM', '8:33942'), ('_', '/usr/bin/colcon'), ('ROS_VERSION', '2'), ('XDG_SESSION_CLASS', 'user'), ('USERNAME', 'xxx'), ('TERM', 'xterm-256color'), ('GNOME_DESKTOP_SESSION_ID', 'this-is-deprecated'), ('TRAE_SANDBOX_LOG_DIR', '/home/xxx/.config/Trae CN/logs/20260529T111118/Modular'), ('FC_FONTATIONS', '1'), ('ROS_LOCALHOST_ONLY', '0'), ('HISTCONTROL', 'ignorespace'), ('WINDOWPATH', '2'), ('MVCAM_SDK_PATH', '/opt/MVS'), ('PATH', '/home/xxx/.trae-cn/tools/trae-gopls/current:/home/xxx/.trae-cn/sdks/workspaces/1193382c/versions/node/current:/home/xxx/.trae-cn/sdks/versions/node/current:/usr/local/cuda-12.4/bin:/home/xxx/nvidia_libs/TensorRT-8.4.2.4/bin:/opt/ros/humble/bin:/home/xxx/.local/bin:/usr/local/sbin:/usr/local/bin:/usr/sbin:/usr/bin:/sbin:/bin:/usr/games:/usr/local/games:/snap/bin:/snap/bin'), ('SESSION_MANAGER', 'local/xxx:@/tmp/.ICE-unix/2274,unix/xxx:/tmp/.ICE-unix/2274'), ('INVOCATION_ID', '0635d3669d874d1d81998d3ce24af996'), ('MVCAM_GENICAM_CLPROTOCOL', '/opt/MVS/lib/CLProtocol'), ('XDG_MENU_PREFIX', 'gnome-'), ('LC_ADDRESS', 'zh_CN.UTF-8'), ('XDG_RUNTIME_DIR', '/run/user/1000'), ('GDK_BACKEND', 'x11'), ('DISPLAY', ':1'), ('FILESYSTEM_CASE_SENSITIVE', 'true'), ('VSCODE_DEBUGPY_ADAPTER_ENDPOINTS', '/home/xxx/.trae-cn/extensions/ms-python.debugpy-2026.6.0-linux-x64/.noConfigDebugAdapterEndpoints/endpoint-54b2b4dd95f56e7e.txt'), ('LANG', 'zh_CN.UTF-8'), ('XDG_CURRENT_DESKTOP', 'ubuntu:GNOME'), ('PYTHONSTARTUP', '/home/xxx/.config/Trae CN/User/workspaceStorage/1193382c88a709bb2cc56e828d812075/ms-python.python/pythonrc.py'), ('LC_TELEPHONE', 'zh_CN.UTF-8'), ('TRAE_SANDBOX_CONFIG_NAME', '6a1446c480a3af9f3db86f84'), ('XMODIFIERS', '@im=fcitx'), ('TRAE_SANDBOX_DUMP_DIR', '/home/xxx/.config/Trae CN/Crashpad/sandbox-pending'), ('XDG_SESSION_DESKTOP', 'ubuntu'), ('XAUTHORITY', '/run/user/1000/gdm/Xauthority'), ('TRAE_BRAND_NAME', 'Trae CN'), ('LS_COLORS', 'rs=0:di=01;34:ln=01;36:mh=00:pi=40;33:so=01;35:do=01;35:bd=40;33;01:cd=40;33;01:or=40;31;01:mi=00:su=37;41:sg=30;43:ca=30;41:tw=30;42:ow=34;42:st=37;44:ex=01;32:*.tar=01;31:*.tgz=01;31:*.arc=01;31:*.arj=01;31:*.taz=01;31:*.lha=01;31:*.lz4=01;31:*.lzh=01;31:*.lzma=01;31:*.tlz=01;31:*.txz=01;31:*.tzo=01;31:*.t7z=01;31:*.zip=01;31:*.z=01;31:*.dz=01;31:*.gz=01;31:*.lrz=01;31:*.lz=01;31:*.lzo=01;31:*.xz=01;31:*.zst=01;31:*.tzst=01;31:*.bz2=01;31:*.bz=01;31:*.tbz=01;31:*.tbz2=01;31:*.tz=01;31:*.deb=01;31:*.rpm=01;31:*.jar=01;31:*.war=01;31:*.ear=01;31:*.sar=01;31:*.rar=01;31:*.alz=01;31:*.ace=01;31:*.zoo=01;31:*.cpio=01;31:*.7z=01;31:*.rz=01;31:*.cab=01;31:*.wim=01;31:*.swm=01;31:*.dwm=01;31:*.esd=01;31:*.jpg=01;35:*.jpeg=01;35:*.mjpg=01;35:*.mjpeg=01;35:*.gif=01;35:*.bmp=01;35:*.pbm=01;35:*.pgm=01;35:*.ppm=01;35:*.tga=01;35:*.xbm=01;35:*.xpm=01;35:*.tif=01;35:*.tiff=01;35:*.png=01;35:*.svg=01;35:*.svgz=01;35:*.mng=01;35:*.pcx=01;35:*.mov=01;35:*.mpg=01;35:*.mpeg=01;35:*.m2v=01;35:*.mkv=01;35:*.webm=01;35:*.webp=01;35:*.ogm=01;35:*.mp4=01;35:*.m4v=01;35:*.mp4v=01;35:*.vob=01;35:*.qt=01;35:*.nuv=01;35:*.wmv=01;35:*.asf=01;35:*.rm=01;35:*.rmvb=01;35:*.flc=01;35:*.avi=01;35:*.fli=01;35:*.flv=01;35:*.gl=01;35:*.dl=01;35:*.xcf=01;35:*.xwd=01;35:*.yuv=01;35:*.cgm=01;35:*.emf=01;35:*.ogv=01;35:*.ogx=01;35:*.aac=00;36:*.au=00;36:*.flac=00;36:*.m4a=00;36:*.mid=00;36:*.midi=00;36:*.mka=00;36:*.mp3=00;36:*.mpc=00;36:*.ogg=00;36:*.ra=00;36:*.wav=00;36:*.oga=00;36:*.opus=00;36:*.spx=00;36:*.xspf=00;36:'), ('VSCODE_GIT_IPC_HANDLE', '/run/user/1000/vscode-git-a9e8fd90e9.sock'), ('TERM_PROGRAM', 'vscode'), ('SSH_AGENT_LAUNCHER', 'gnome-keyring'), ('SSH_AUTH_SOCK', '/run/user/1000/keyring/ssh'), ('AMENT_PREFIX_PATH', '/opt/ros/humble'), ('SHELL', '/bin/bash'), ('LC_NAME', 'zh_CN.UTF-8'), ('__trae_PS1', '\\n(TraeAI-4) \\w [$?] $'), ('QT_ACCESSIBILITY', '1'), ('GDMSESSION', 'ubuntu'), ('LESSCLOSE', '/usr/bin/lesspipe %s %s'), ('LC_MEASUREMENT', 'zh_CN.UTF-8'), ('TRAE_SANDBOX_TRACE_FILE', '/tmp/trae_sandbox_trace_3bb584d3-1bc2-43a7-8882-694a8f263c62.jsonl'), ('GPG_AGENT_INFO', '/run/user/1000/gnupg/S.gpg-agent:0:1'), ('GJS_DEBUG_OUTPUT', 'stderr'), ('LC_IDENTIFICATION', 'zh_CN.UTF-8'), ('VSCODE_GIT_ASKPASS_EXTRA_ARGS', ''), ('GIT_PAGER', ''), ('QT_IM_MODULE', 'fcitx'), ('PWD', '/home/xxx/HUN_sentry_xxx/pb2025_Nav/build/auto_aim_interfaces'), ('SAFE_RM_ALLOWED_PATH', '/home/xxx/HUN_sentry_xxx:/home/xxx/HUN_sentry_xxx:/home/xxx/.trae-cn/memory'), ('XDG_CONFIG_DIRS', '/etc/xdg/xdg-ubuntu:/etc/xdg'), ('TERM_PRODUCT', 'Trae'), ('CLUTTER_IM_MODULE', 'fcitx'), ('XDG_DATA_DIRS', '/usr/share/ubuntu:/usr/share/gnome:/usr/local/share/:/usr/share/:/var/lib/snapd/desktop'), ('PYTHONPATH', '/opt/ros/humble/lib/python3.10/site-packages:/opt/ros/humble/local/lib/python3.10/dist-packages'), ('SAFE_RM_PROTECTION_FLAG', '/tmp/safe-rm-protection-flag-379acff7-1dfc-40ed-a93c-4ed71778d190'), ('LC_NUMERIC', 'zh_CN.UTF-8'), ('MVCAM_SDK_VERSION', ''), ('LC_PAPER', 'zh_CN.UTF-8'), ('COLCON', '1'), ('SAFE_RM_SOURCE_FLAG', '/tmp/safe-rm-source-flag-8f654204-6e11-48f7-9311-c980eda505b1'), ('MVCAM_COMMON_RUNENV', '/opt/MVS/lib'), ('CMAKE_PREFIX_PATH', '/opt/ros/humble')]), 'shell': False}
[2.974050] (auto_aim_interfaces) StdoutLine: {'line': b'-- Install configuration: ""\n'}
[2.974203] (auto_aim_interfaces) StdoutLine: {'line': b'-- Installing: /home/xxx/HUN_sentry_xxx/pb2025_Nav/install/auto_aim_interfaces/share/ament_index/resource_index/rosidl_interfaces/auto_aim_interfaces\n'}
[2.974374] (auto_aim_interfaces) StdoutLine: {'line': b'-- Installing: /home/xxx/HUN_sentry_xxx/pb2025_Nav/install/auto_aim_interfaces/include/auto_aim_interfaces/auto_aim_interfaces\n'}
[2.974424] (auto_aim_interfaces) StdoutLine: {'line': b'-- Installing: /home/xxx/HUN_sentry_xxx/pb2025_Nav/install/auto_aim_interfaces/include/auto_aim_interfaces/auto_aim_interfaces/msg\n'}
[2.974489] (auto_aim_interfaces) StdoutLine: {'line': b'-- Installing: /home/xxx/HUN_sentry_xxx/pb2025_Nav/install/auto_aim_interfaces/include/auto_aim_interfaces/auto_aim_interfaces/msg/armor.h\n'}
[2.974558] (auto_aim_interfaces) StdoutLine: {'line': b'-- Installing: /home/xxx/HUN_sentry_xxx/pb2025_Nav/install/auto_aim_interfaces/include/auto_aim_interfaces/auto_aim_interfaces/msg/debug_lights.h\n'}
[2.974627] (auto_aim_interfaces) StdoutLine: {'line': b'-- Installing: /home/xxx/HUN_sentry_xxx/pb2025_Nav/install/auto_aim_interfaces/include/auto_aim_interfaces/auto_aim_interfaces/msg/rosidl_generator_c__visibility_control.h\n'}
[2.974691] (auto_aim_interfaces) StdoutLine: {'line': b'-- Installing: /home/xxx/HUN_sentry_xxx/pb2025_Nav/install/auto_aim_interfaces/include/auto_aim_interfaces/auto_aim_interfaces/msg/debug_armor.h\n'}
[2.974755] (auto_aim_interfaces) StdoutLine: {'line': b'-- Installing: /home/xxx/HUN_sentry_xxx/pb2025_Nav/install/auto_aim_interfaces/include/auto_aim_interfaces/auto_aim_interfaces/msg/detail\n'}
[2.974852] (auto_aim_interfaces) StdoutLine: {'line': b'-- Installing: /home/xxx/HUN_sentry_xxx/pb2025_Nav/install/auto_aim_interfaces/include/auto_aim_interfaces/auto_aim_interfaces/msg/detail/armors__type_support.h\n'}
[2.974970] (auto_aim_interfaces) StdoutLine: {'line': b'-- Installing: /home/xxx/HUN_sentry_xxx/pb2025_Nav/install/auto_aim_interfaces/include/auto_aim_interfaces/auto_aim_interfaces/msg/detail/debug_armors__struct.h\n'}
[2.975034] (auto_aim_interfaces) StdoutLine: {'line': b'-- Installing: /home/xxx/HUN_sentry_xxx/pb2025_Nav/install/auto_aim_interfaces/include/auto_aim_interfaces/auto_aim_interfaces/msg/detail/debug_armors__functions.c\n'}
[2.975115] (auto_aim_interfaces) StdoutLine: {'line': b'-- Installing: /home/xxx/HUN_sentry_xxx/pb2025_Nav/install/auto_aim_interfaces/include/auto_aim_interfaces/auto_aim_interfaces/msg/detail/armors__functions.h\n'}
[2.975175] (auto_aim_interfaces) StdoutLine: {'line': b'-- Installing: /home/xxx/HUN_sentry_xxx/pb2025_Nav/install/auto_aim_interfaces/include/auto_aim_interfaces/auto_aim_interfaces/msg/detail/armor__functions.h\n'}
[2.975243] (auto_aim_interfaces) StdoutLine: {'line': b'-- Installing: /home/xxx/HUN_sentry_xxx/pb2025_Nav/install/auto_aim_interfaces/include/auto_aim_interfaces/auto_aim_interfaces/msg/detail/armor__type_support.h\n'}
[2.975312] (auto_aim_interfaces) StdoutLine: {'line': b'-- Installing: /home/xxx/HUN_sentry_xxx/pb2025_Nav/install/auto_aim_interfaces/include/auto_aim_interfaces/auto_aim_interfaces/msg/detail/debug_armor__functions.c\n'}
[2.975374] (auto_aim_interfaces) StdoutLine: {'line': b'-- Installing: /home/xxx/HUN_sentry_xxx/pb2025_Nav/install/auto_aim_interfaces/include/auto_aim_interfaces/auto_aim_interfaces/msg/detail/tracker_info__functions.c\n'}
[2.975444] (auto_aim_interfaces) StdoutLine: {'line': b'-- Installing: /home/xxx/HUN_sentry_xxx/pb2025_Nav/install/auto_aim_interfaces/include/auto_aim_interfaces/auto_aim_interfaces/msg/detail/tracker_info__type_support.h\n'}
[2.975519] (auto_aim_interfaces) StdoutLine: {'line': b'-- Installing: /home/xxx/HUN_sentry_xxx/pb2025_Nav/install/auto_aim_interfaces/include/auto_aim_interfaces/auto_aim_interfaces/msg/detail/debug_armor__type_support.h\n'}
[2.975590] (auto_aim_interfaces) StdoutLine: {'line': b'-- Installing: /home/xxx/HUN_sentry_xxx/pb2025_Nav/install/auto_aim_interfaces/include/auto_aim_interfaces/auto_aim_interfaces/msg/detail/tracker_info__functions.h\n'}
[2.975670] (auto_aim_interfaces) StdoutLine: {'line': b'-- Installing: /home/xxx/HUN_sentry_xxx/pb2025_Nav/install/auto_aim_interfaces/include/auto_aim_interfaces/auto_aim_interfaces/msg/detail/debug_armors__type_support.h\n'}
[2.975743] (auto_aim_interfaces) StdoutLine: {'line': b'-- Installing: /home/xxx/HUN_sentry_xxx/pb2025_Nav/install/auto_aim_interfaces/include/auto_aim_interfaces/auto_aim_interfaces/msg/detail/target__functions.h\n'}
[2.975824] (auto_aim_interfaces) StdoutLine: {'line': b'-- Installing: /home/xxx/HUN_sentry_xxx/pb2025_Nav/install/auto_aim_interfaces/include/auto_aim_interfaces/auto_aim_interfaces/msg/detail/debug_armors__functions.h\n'}
[2.975905] (auto_aim_interfaces) StdoutLine: {'line': b'-- Installing: /home/xxx/HUN_sentry_xxx/pb2025_Nav/install/auto_aim_interfaces/include/auto_aim_interfaces/auto_aim_interfaces/msg/detail/debug_light__struct.h\n'}
[2.975993] (auto_aim_interfaces) StdoutLine: {'line': b'-- Installing: /home/xxx/HUN_sentry_xxx/pb2025_Nav/install/auto_aim_interfaces/include/auto_aim_interfaces/auto_aim_interfaces/msg/detail/target__type_support.h\n'}
[2.976056] (auto_aim_interfaces) StdoutLine: {'line': b'-- Installing: /home/xxx/HUN_sentry_xxx/pb2025_Nav/install/auto_aim_interfaces/include/auto_aim_interfaces/auto_aim_interfaces/msg/detail/tracker_info__struct.h\n'}
[2.976130] (auto_aim_interfaces) StdoutLine: {'line': b'-- Installing: /home/xxx/HUN_sentry_xxx/pb2025_Nav/install/auto_aim_interfaces/include/auto_aim_interfaces/auto_aim_interfaces/msg/detail/debug_light__type_support.h\n'}
[2.976205] (auto_aim_interfaces) StdoutLine: {'line': b'-- Installing: /home/xxx/HUN_sentry_xxx/pb2025_Nav/install/auto_aim_interfaces/include/auto_aim_interfaces/auto_aim_interfaces/msg/detail/debug_light__functions.c\n'}
[2.976306] (auto_aim_interfaces) StdoutLine: {'line': b'-- Installing: /home/xxx/HUN_sentry_xxx/pb2025_Nav/install/auto_aim_interfaces/include/auto_aim_interfaces/auto_aim_interfaces/msg/detail/armors__functions.c\n'}
[2.976380] (auto_aim_interfaces) StdoutLine: {'line': b'-- Installing: /home/xxx/HUN_sentry_xxx/pb2025_Nav/install/auto_aim_interfaces/include/auto_aim_interfaces/auto_aim_interfaces/msg/detail/debug_light__functions.h\n'}
[2.976459] (auto_aim_interfaces) StdoutLine: {'line': b'-- Installing: /home/xxx/HUN_sentry_xxx/pb2025_Nav/install/auto_aim_interfaces/include/auto_aim_interfaces/auto_aim_interfaces/msg/detail/target__functions.c\n'}
[2.976542] (auto_aim_interfaces) StdoutLine: {'line': b'-- Installing: /home/xxx/HUN_sentry_xxx/pb2025_Nav/install/auto_aim_interfaces/include/auto_aim_interfaces/auto_aim_interfaces/msg/detail/armor__struct.h\n'}
[2.976673] (auto_aim_interfaces) StdoutLine: {'line': b'-- Installing: /home/xxx/HUN_sentry_xxx/pb2025_Nav/install/auto_aim_interfaces/include/auto_aim_interfaces/auto_aim_interfaces/msg/detail/debug_lights__functions.c\n'}
[2.976754] (auto_aim_interfaces) StdoutLine: {'line': b'-- Installing: /home/xxx/HUN_sentry_xxx/pb2025_Nav/install/auto_aim_interfaces/include/auto_aim_interfaces/auto_aim_interfaces/msg/detail/debug_lights__struct.h\n'}
[2.976817] (auto_aim_interfaces) StdoutLine: {'line': b'-- Installing: /home/xxx/HUN_sentry_xxx/pb2025_Nav/install/auto_aim_interfaces/include/auto_aim_interfaces/auto_aim_interfaces/msg/detail/debug_lights__functions.h\n'}
[2.976877] (auto_aim_interfaces) StdoutLine: {'line': b'-- Installing: /home/xxx/HUN_sentry_xxx/pb2025_Nav/install/auto_aim_interfaces/include/auto_aim_interfaces/auto_aim_interfaces/msg/detail/debug_armor__struct.h\n'}
[2.976946] (auto_aim_interfaces) StdoutLine: {'line': b'-- Installing: /home/xxx/HUN_sentry_xxx/pb2025_Nav/install/auto_aim_interfaces/include/auto_aim_interfaces/auto_aim_interfaces/msg/detail/debug_armor__functions.h\n'}
[2.977024] (auto_aim_interfaces) StdoutLine: {'line': b'-- Installing: /home/xxx/HUN_sentry_xxx/pb2025_Nav/install/auto_aim_interfaces/include/auto_aim_interfaces/auto_aim_interfaces/msg/detail/armors__struct.h\n'}
[2.977100] (auto_aim_interfaces) StdoutLine: {'line': b'-- Installing: /home/xxx/HUN_sentry_xxx/pb2025_Nav/install/auto_aim_interfaces/include/auto_aim_interfaces/auto_aim_interfaces/msg/detail/debug_lights__type_support.h\n'}
[2.977188] (auto_aim_interfaces) StdoutLine: {'line': b'-- Installing: /home/xxx/HUN_sentry_xxx/pb2025_Nav/install/auto_aim_interfaces/include/auto_aim_interfaces/auto_aim_interfaces/msg/detail/armor__functions.c\n'}
[2.977279] (auto_aim_interfaces) StdoutLine: {'line': b'-- Installing: /home/xxx/HUN_sentry_xxx/pb2025_Nav/install/auto_aim_interfaces/include/auto_aim_interfaces/auto_aim_interfaces/msg/detail/target__struct.h\n'}
[2.977347] (auto_aim_interfaces) StdoutLine: {'line': b'-- Installing: /home/xxx/HUN_sentry_xxx/pb2025_Nav/install/auto_aim_interfaces/include/auto_aim_interfaces/auto_aim_interfaces/msg/debug_armors.h\n'}
[2.977421] (auto_aim_interfaces) StdoutLine: {'line': b'-- Installing: /home/xxx/HUN_sentry_xxx/pb2025_Nav/install/auto_aim_interfaces/include/auto_aim_interfaces/auto_aim_interfaces/msg/debug_light.h\n'}
[2.977505] (auto_aim_interfaces) StdoutLine: {'line': b'-- Installing: /home/xxx/HUN_sentry_xxx/pb2025_Nav/install/auto_aim_interfaces/include/auto_aim_interfaces/auto_aim_interfaces/msg/target.h\n'}
[2.977584] (auto_aim_interfaces) StdoutLine: {'line': b'-- Installing: /home/xxx/HUN_sentry_xxx/pb2025_Nav/install/auto_aim_interfaces/include/auto_aim_interfaces/auto_aim_interfaces/msg/armors.h\n'}
[2.977649] (auto_aim_interfaces) StdoutLine: {'line': b'-- Installing: /home/xxx/HUN_sentry_xxx/pb2025_Nav/install/auto_aim_interfaces/include/auto_aim_interfaces/auto_aim_interfaces/msg/tracker_info.h\n'}
[2.977796] (auto_aim_interfaces) StdoutLine: {'line': b'-- Installing: /home/xxx/HUN_sentry_xxx/pb2025_Nav/install/auto_aim_interfaces/share/auto_aim_interfaces/environment/library_path.sh\n'}
[2.977891] (auto_aim_interfaces) StdoutLine: {'line': b'-- Installing: /home/xxx/HUN_sentry_xxx/pb2025_Nav/install/auto_aim_interfaces/share/auto_aim_interfaces/environment/library_path.dsv\n'}
[2.978012] (auto_aim_interfaces) StdoutLine: {'line': b'-- Installing: /home/xxx/HUN_sentry_xxx/pb2025_Nav/install/auto_aim_interfaces/lib/libauto_aim_interfaces__rosidl_generator_c.so\n'}
[2.978344] (auto_aim_interfaces) StdoutLine: {'line': b'-- Set runtime path of "/home/xxx/HUN_sentry_xxx/pb2025_Nav/install/auto_aim_interfaces/lib/libauto_aim_interfaces__rosidl_generator_c.so" to ""\n'}
[2.978433] (auto_aim_interfaces) StdoutLine: {'line': b'-- Up-to-date: /home/xxx/HUN_sentry_xxx/pb2025_Nav/install/auto_aim_interfaces/include/auto_aim_interfaces/auto_aim_interfaces\n'}
[2.978499] (auto_aim_interfaces) StdoutLine: {'line': b'-- Up-to-date: /home/xxx/HUN_sentry_xxx/pb2025_Nav/install/auto_aim_interfaces/include/auto_aim_interfaces/auto_aim_interfaces/msg\n'}
[2.978528] (auto_aim_interfaces) StdoutLine: {'line': b'-- Up-to-date: /home/xxx/HUN_sentry_xxx/pb2025_Nav/install/auto_aim_interfaces/include/auto_aim_interfaces/auto_aim_interfaces/msg/detail\n'}
[2.978657] (auto_aim_interfaces) StdoutLine: {'line': b'-- Installing: /home/xxx/HUN_sentry_xxx/pb2025_Nav/install/auto_aim_interfaces/include/auto_aim_interfaces/auto_aim_interfaces/msg/detail/target__rosidl_typesupport_fastrtps_c.h\n'}
[2.978706] (auto_aim_interfaces) StdoutLine: {'line': b'-- Installing: /home/xxx/HUN_sentry_xxx/pb2025_Nav/install/auto_aim_interfaces/include/auto_aim_interfaces/auto_aim_interfaces/msg/detail/debug_lights__rosidl_typesupport_fastrtps_c.h\n'}
[2.978769] (auto_aim_interfaces) StdoutLine: {'line': b'-- Installing: /home/xxx/HUN_sentry_xxx/pb2025_Nav/install/auto_aim_interfaces/include/auto_aim_interfaces/auto_aim_interfaces/msg/detail/debug_light__rosidl_typesupport_fastrtps_c.h\n'}
[2.978809] (auto_aim_interfaces) StdoutLine: {'line': b'-- Installing: /home/xxx/HUN_sentry_xxx/pb2025_Nav/install/auto_aim_interfaces/include/auto_aim_interfaces/auto_aim_interfaces/msg/detail/debug_armors__rosidl_typesupport_fastrtps_c.h\n'}
[2.978866] (auto_aim_interfaces) StdoutLine: {'line': b'-- Installing: /home/xxx/HUN_sentry_xxx/pb2025_Nav/install/auto_aim_interfaces/include/auto_aim_interfaces/auto_aim_interfaces/msg/detail/tracker_info__rosidl_typesupport_fastrtps_c.h\n'}
[2.978927] (auto_aim_interfaces) StdoutLine: {'line': b'-- Installing: /home/xxx/HUN_sentry_xxx/pb2025_Nav/install/auto_aim_interfaces/include/auto_aim_interfaces/auto_aim_interfaces/msg/detail/debug_armor__rosidl_typesupport_fastrtps_c.h\n'}
[2.978987] (auto_aim_interfaces) StdoutLine: {'line': b'-- Installing: /home/xxx/HUN_sentry_xxx/pb2025_Nav/install/auto_aim_interfaces/include/auto_aim_interfaces/auto_aim_interfaces/msg/detail/armor__rosidl_typesupport_fastrtps_c.h\n'}
[2.979042] (auto_aim_interfaces) StdoutLine: {'line': b'-- Installing: /home/xxx/HUN_sentry_xxx/pb2025_Nav/install/auto_aim_interfaces/include/auto_aim_interfaces/auto_aim_interfaces/msg/detail/armors__rosidl_typesupport_fastrtps_c.h\n'}
[2.979115] (auto_aim_interfaces) StdoutLine: {'line': b'-- Installing: /home/xxx/HUN_sentry_xxx/pb2025_Nav/install/auto_aim_interfaces/include/auto_aim_interfaces/auto_aim_interfaces/msg/rosidl_typesupport_fastrtps_c__visibility_control.h\n'}
[2.979226] (auto_aim_interfaces) StdoutLine: {'line': b'-- Installing: /home/xxx/HUN_sentry_xxx/pb2025_Nav/install/auto_aim_interfaces/lib/libauto_aim_interfaces__rosidl_typesupport_fastrtps_c.so\n'}
[2.979543] (auto_aim_interfaces) StdoutLine: {'line': b'-- Set runtime path of "/home/xxx/HUN_sentry_xxx/pb2025_Nav/install/auto_aim_interfaces/lib/libauto_aim_interfaces__rosidl_typesupport_fastrtps_c.so" to ""\n'}
[2.979646] (auto_aim_interfaces) StdoutLine: {'line': b'-- Up-to-date: /home/xxx/HUN_sentry_xxx/pb2025_Nav/install/auto_aim_interfaces/include/auto_aim_interfaces/auto_aim_interfaces\n'}
[2.979678] (auto_aim_interfaces) StdoutLine: {'line': b'-- Up-to-date: /home/xxx/HUN_sentry_xxx/pb2025_Nav/install/auto_aim_interfaces/include/auto_aim_interfaces/auto_aim_interfaces/msg\n'}
[2.979734] (auto_aim_interfaces) StdoutLine: {'line': b'-- Up-to-date: /home/xxx/HUN_sentry_xxx/pb2025_Nav/install/auto_aim_interfaces/include/auto_aim_interfaces/auto_aim_interfaces/msg/detail\n'}
[2.979772] (auto_aim_interfaces) StdoutLine: {'line': b'-- Installing: /home/xxx/HUN_sentry_xxx/pb2025_Nav/install/auto_aim_interfaces/include/auto_aim_interfaces/auto_aim_interfaces/msg/detail/debug_light__type_support.c\n'}
[2.979848] (auto_aim_interfaces) StdoutLine: {'line': b'-- Installing: /home/xxx/HUN_sentry_xxx/pb2025_Nav/install/auto_aim_interfaces/include/auto_aim_interfaces/auto_aim_interfaces/msg/detail/debug_light__rosidl_typesupport_introspection_c.h\n'}
[2.979904] (auto_aim_interfaces) StdoutLine: {'line': b'-- Installing: /home/xxx/HUN_sentry_xxx/pb2025_Nav/install/auto_aim_interfaces/include/auto_aim_interfaces/auto_aim_interfaces/msg/detail/tracker_info__rosidl_typesupport_introspection_c.h\n'}
[2.979951] (auto_aim_interfaces) StdoutLine: {'line': b'-- Installing: /home/xxx/HUN_sentry_xxx/pb2025_Nav/install/auto_aim_interfaces/include/auto_aim_interfaces/auto_aim_interfaces/msg/detail/armor__rosidl_typesupport_introspection_c.h\n'}
[2.980013] (auto_aim_interfaces) StdoutLine: {'line': b'-- Installing: /home/xxx/HUN_sentry_xxx/pb2025_Nav/install/auto_aim_interfaces/include/auto_aim_interfaces/auto_aim_interfaces/msg/detail/debug_armor__rosidl_typesupport_introspection_c.h\n'}
[2.980071] (auto_aim_interfaces) StdoutLine: {'line': b'-- Installing: /home/xxx/HUN_sentry_xxx/pb2025_Nav/install/auto_aim_interfaces/include/auto_aim_interfaces/auto_aim_interfaces/msg/detail/debug_lights__type_support.c\n'}
[2.980140] (auto_aim_interfaces) StdoutLine: {'line': b'-- Installing: /home/xxx/HUN_sentry_xxx/pb2025_Nav/install/auto_aim_interfaces/include/auto_aim_interfaces/auto_aim_interfaces/msg/detail/armors__rosidl_typesupport_introspection_c.h\n'}
[2.980217] (auto_aim_interfaces) StdoutLine: {'line': b'-- Installing: /home/xxx/HUN_sentry_xxx/pb2025_Nav/install/auto_aim_interfaces/include/auto_aim_interfaces/auto_aim_interfaces/msg/detail/target__rosidl_typesupport_introspection_c.h\n'}
[2.980298] (auto_aim_interfaces) StdoutLine: {'line': b'-- Installing: /home/xxx/HUN_sentry_xxx/pb2025_Nav/install/auto_aim_interfaces/include/auto_aim_interfaces/auto_aim_interfaces/msg/detail/target__type_support.c\n'}
[2.980382] (auto_aim_interfaces) StdoutLine: {'line': b'-- Installing: /home/xxx/HUN_sentry_xxx/pb2025_Nav/install/auto_aim_interfaces/include/auto_aim_interfaces/auto_aim_interfaces/msg/detail/debug_armors__type_support.c\n'}
[2.980471] (auto_aim_interfaces) StdoutLine: {'line': b'-- Installing: /home/xxx/HUN_sentry_xxx/pb2025_Nav/install/auto_aim_interfaces/include/auto_aim_interfaces/auto_aim_interfaces/msg/detail/armor__type_support.c\n'}
[2.980551] (auto_aim_interfaces) StdoutLine: {'line': b'-- Installing: /home/xxx/HUN_sentry_xxx/pb2025_Nav/install/auto_aim_interfaces/include/auto_aim_interfaces/auto_aim_interfaces/msg/detail/debug_armor__type_support.c\n'}
[2.980638] (auto_aim_interfaces) StdoutLine: {'line': b'-- Installing: /home/xxx/HUN_sentry_xxx/pb2025_Nav/install/auto_aim_interfaces/include/auto_aim_interfaces/auto_aim_interfaces/msg/detail/debug_lights__rosidl_typesupport_introspection_c.h\n'}
[2.980716] (auto_aim_interfaces) StdoutLine: {'line': b'-- Installing: /home/xxx/HUN_sentry_xxx/pb2025_Nav/install/auto_aim_interfaces/include/auto_aim_interfaces/auto_aim_interfaces/msg/detail/tracker_info__type_support.c\n'}
[2.980798] (auto_aim_interfaces) StdoutLine: {'line': b'-- Installing: /home/xxx/HUN_sentry_xxx/pb2025_Nav/install/auto_aim_interfaces/include/auto_aim_interfaces/auto_aim_interfaces/msg/detail/debug_armors__rosidl_typesupport_introspection_c.h\n'}
[2.980876] (auto_aim_interfaces) StdoutLine: {'line': b'-- Installing: /home/xxx/HUN_sentry_xxx/pb2025_Nav/install/auto_aim_interfaces/include/auto_aim_interfaces/auto_aim_interfaces/msg/detail/armors__type_support.c\n'}
[2.980963] (auto_aim_interfaces) StdoutLine: {'line': b'-- Installing: /home/xxx/HUN_sentry_xxx/pb2025_Nav/install/auto_aim_interfaces/include/auto_aim_interfaces/auto_aim_interfaces/msg/rosidl_typesupport_introspection_c__visibility_control.h\n'}
[2.981069] (auto_aim_interfaces) StdoutLine: {'line': b'-- Installing: /home/xxx/HUN_sentry_xxx/pb2025_Nav/install/auto_aim_interfaces/lib/libauto_aim_interfaces__rosidl_typesupport_introspection_c.so\n'}
[2.981366] (auto_aim_interfaces) StdoutLine: {'line': b'-- Set runtime path of "/home/xxx/HUN_sentry_xxx/pb2025_Nav/install/auto_aim_interfaces/lib/libauto_aim_interfaces__rosidl_typesupport_introspection_c.so" to ""\n'}
[2.981418] (auto_aim_interfaces) StdoutLine: {'line': b'-- Installing: /home/xxx/HUN_sentry_xxx/pb2025_Nav/install/auto_aim_interfaces/lib/libauto_aim_interfaces__rosidl_typesupport_c.so\n'}
[2.981776] (auto_aim_interfaces) StdoutLine: {'line': b'-- Set runtime path of "/home/xxx/HUN_sentry_xxx/pb2025_Nav/install/auto_aim_interfaces/lib/libauto_aim_interfaces__rosidl_typesupport_c.so" to ""\n'}
[2.981810] (auto_aim_interfaces) StdoutLine: {'line': b'-- Up-to-date: /home/xxx/HUN_sentry_xxx/pb2025_Nav/install/auto_aim_interfaces/include/auto_aim_interfaces/auto_aim_interfaces\n'}
[2.981837] (auto_aim_interfaces) StdoutLine: {'line': b'-- Up-to-date: /home/xxx/HUN_sentry_xxx/pb2025_Nav/install/auto_aim_interfaces/include/auto_aim_interfaces/auto_aim_interfaces/msg\n'}
[2.981874] (auto_aim_interfaces) StdoutLine: {'line': b'-- Installing: /home/xxx/HUN_sentry_xxx/pb2025_Nav/install/auto_aim_interfaces/include/auto_aim_interfaces/auto_aim_interfaces/msg/debug_armors.hpp\n'}
[2.981947] (auto_aim_interfaces) StdoutLine: {'line': b'-- Installing: /home/xxx/HUN_sentry_xxx/pb2025_Nav/install/auto_aim_interfaces/include/auto_aim_interfaces/auto_aim_interfaces/msg/debug_light.hpp\n'}
[2.981977] (auto_aim_interfaces) StdoutLine: {'line': b'-- Installing: /home/xxx/HUN_sentry_xxx/pb2025_Nav/install/auto_aim_interfaces/include/auto_aim_interfaces/auto_aim_interfaces/msg/armor.hpp\n'}
[2.982040] (auto_aim_interfaces) StdoutLine: {'line': b'-- Installing: /home/xxx/HUN_sentry_xxx/pb2025_Nav/install/auto_aim_interfaces/include/auto_aim_interfaces/auto_aim_interfaces/msg/armors.hpp\n'}
[2.982104] (auto_aim_interfaces) StdoutLine: {'line': b'-- Up-to-date: /home/xxx/HUN_sentry_xxx/pb2025_Nav/install/auto_aim_interfaces/include/auto_aim_interfaces/auto_aim_interfaces/msg/detail\n'}
[2.982159] (auto_aim_interfaces) StdoutLine: {'line': b'-- Installing: /home/xxx/HUN_sentry_xxx/pb2025_Nav/install/auto_aim_interfaces/include/auto_aim_interfaces/auto_aim_interfaces/msg/detail/tracker_info__struct.hpp\n'}
[2.982235] (auto_aim_interfaces) StdoutLine: {'line': b'-- Installing: /home/xxx/HUN_sentry_xxx/pb2025_Nav/install/auto_aim_interfaces/include/auto_aim_interfaces/auto_aim_interfaces/msg/detail/debug_light__struct.hpp\n'}
[2.982291] (auto_aim_interfaces) StdoutLine: {'line': b'-- Installing: /home/xxx/HUN_sentry_xxx/pb2025_Nav/install/auto_aim_interfaces/include/auto_aim_interfaces/auto_aim_interfaces/msg/detail/debug_light__type_support.hpp\n'}
[2.982362] (auto_aim_interfaces) StdoutLine: {'line': b'-- Installing: /home/xxx/HUN_sentry_xxx/pb2025_Nav/install/auto_aim_interfaces/include/auto_aim_interfaces/auto_aim_interfaces/msg/detail/debug_armors__struct.hpp\n'}
[2.982443] (auto_aim_interfaces) StdoutLine: {'line': b'-- Installing: /home/xxx/HUN_sentry_xxx/pb2025_Nav/install/auto_aim_interfaces/include/auto_aim_interfaces/auto_aim_interfaces/msg/detail/tracker_info__traits.hpp\n'}
[2.982524] (auto_aim_interfaces) StdoutLine: {'line': b'-- Installing: /home/xxx/HUN_sentry_xxx/pb2025_Nav/install/auto_aim_interfaces/include/auto_aim_interfaces/auto_aim_interfaces/msg/detail/armor__builder.hpp\n'}
[2.982687] (auto_aim_interfaces) StdoutLine: {'line': b'-- Installing: /home/xxx/HUN_sentry_xxx/pb2025_Nav/install/auto_aim_interfaces/include/auto_aim_interfaces/auto_aim_interfaces/msg/detail/armors__type_support.hpp\n'}
[2.982765] (auto_aim_interfaces) StdoutLine: {'line': b'-- Installing: /home/xxx/HUN_sentry_xxx/pb2025_Nav/install/auto_aim_interfaces/include/auto_aim_interfaces/auto_aim_interfaces/msg/detail/debug_armors__type_support.hpp\n'}
[2.982856] (auto_aim_interfaces) StdoutLine: {'line': b'-- Installing: /home/xxx/HUN_sentry_xxx/pb2025_Nav/install/auto_aim_interfaces/include/auto_aim_interfaces/auto_aim_interfaces/msg/detail/debug_lights__traits.hpp\n'}
[2.982932] (auto_aim_interfaces) StdoutLine: {'line': b'-- Installing: /home/xxx/HUN_sentry_xxx/pb2025_Nav/install/auto_aim_interfaces/include/auto_aim_interfaces/auto_aim_interfaces/msg/detail/debug_armor__struct.hpp\n'}
[2.983015] (auto_aim_interfaces) StdoutLine: {'line': b'-- Installing: /home/xxx/HUN_sentry_xxx/pb2025_Nav/install/auto_aim_interfaces/include/auto_aim_interfaces/auto_aim_interfaces/msg/detail/debug_armor__traits.hpp\n'}
[2.983096] (auto_aim_interfaces) StdoutLine: {'line': b'-- Installing: /home/xxx/HUN_sentry_xxx/pb2025_Nav/install/auto_aim_interfaces/include/auto_aim_interfaces/auto_aim_interfaces/msg/detail/tracker_info__builder.hpp\n'}
[2.983191] (auto_aim_interfaces) StdoutLine: {'line': b'-- Installing: /home/xxx/HUN_sentry_xxx/pb2025_Nav/install/auto_aim_interfaces/include/auto_aim_interfaces/auto_aim_interfaces/msg/detail/tracker_info__type_support.hpp\n'}
[2.983289] (auto_aim_interfaces) StdoutLine: {'line': b'-- Installing: /home/xxx/HUN_sentry_xxx/pb2025_Nav/install/auto_aim_interfaces/include/auto_aim_interfaces/auto_aim_interfaces/msg/detail/armors__struct.hpp\n'}
[2.983357] (auto_aim_interfaces) StdoutLine: {'line': b'-- Installing: /home/xxx/HUN_sentry_xxx/pb2025_Nav/install/auto_aim_interfaces/include/auto_aim_interfaces/auto_aim_interfaces/msg/detail/debug_lights__builder.hpp\n'}
[2.983438] (auto_aim_interfaces) StdoutLine: {'line': b'-- Installing: /home/xxx/HUN_sentry_xxx/pb2025_Nav/install/auto_aim_interfaces/include/auto_aim_interfaces/auto_aim_interfaces/msg/detail/armor__traits.hpp\n'}
[2.983521] (auto_aim_interfaces) StdoutLine: {'line': b'-- Installing: /home/xxx/HUN_sentry_xxx/pb2025_Nav/install/auto_aim_interfaces/include/auto_aim_interfaces/auto_aim_interfaces/msg/detail/target__builder.hpp\n'}
[2.983619] (auto_aim_interfaces) StdoutLine: {'line': b'-- Installing: /home/xxx/HUN_sentry_xxx/pb2025_Nav/install/auto_aim_interfaces/include/auto_aim_interfaces/auto_aim_interfaces/msg/detail/armor__struct.hpp\n'}
[2.983705] (auto_aim_interfaces) StdoutLine: {'line': b'-- Installing: /home/xxx/HUN_sentry_xxx/pb2025_Nav/install/auto_aim_interfaces/include/auto_aim_interfaces/auto_aim_interfaces/msg/detail/debug_light__builder.hpp\n'}
[2.983772] (auto_aim_interfaces) StdoutLine: {'line': b'-- Installing: /home/xxx/HUN_sentry_xxx/pb2025_Nav/install/auto_aim_interfaces/include/auto_aim_interfaces/auto_aim_interfaces/msg/detail/debug_armors__builder.hpp\n'}
[2.983866] (auto_aim_interfaces) StdoutLine: {'line': b'-- Installing: /home/xxx/HUN_sentry_xxx/pb2025_Nav/install/auto_aim_interfaces/include/auto_aim_interfaces/auto_aim_interfaces/msg/detail/target__traits.hpp\n'}
[2.983940] (auto_aim_interfaces) StdoutLine: {'line': b'-- Installing: /home/xxx/HUN_sentry_xxx/pb2025_Nav/install/auto_aim_interfaces/include/auto_aim_interfaces/auto_aim_interfaces/msg/detail/target__struct.hpp\n'}
[2.984029] (auto_aim_interfaces) StdoutLine: {'line': b'-- Installing: /home/xxx/HUN_sentry_xxx/pb2025_Nav/install/auto_aim_interfaces/include/auto_aim_interfaces/auto_aim_interfaces/msg/detail/debug_lights__type_support.hpp\n'}
[2.984121] (auto_aim_interfaces) StdoutLine: {'line': b'-- Installing: /home/xxx/HUN_sentry_xxx/pb2025_Nav/install/auto_aim_interfaces/include/auto_aim_interfaces/auto_aim_interfaces/msg/detail/debug_armor__type_support.hpp\n'}
[2.984203] (auto_aim_interfaces) StdoutLine: {'line': b'-- Installing: /home/xxx/HUN_sentry_xxx/pb2025_Nav/install/auto_aim_interfaces/include/auto_aim_interfaces/auto_aim_interfaces/msg/detail/target__type_support.hpp\n'}
[2.984277] (auto_aim_interfaces) StdoutLine: {'line': b'-- Installing: /home/xxx/HUN_sentry_xxx/pb2025_Nav/install/auto_aim_interfaces/include/auto_aim_interfaces/auto_aim_interfaces/msg/detail/debug_armors__traits.hpp\n'}
[2.984357] (auto_aim_interfaces) StdoutLine: {'line': b'-- Installing: /home/xxx/HUN_sentry_xxx/pb2025_Nav/install/auto_aim_interfaces/include/auto_aim_interfaces/auto_aim_interfaces/msg/detail/debug_armor__builder.hpp\n'}
[2.984447] (auto_aim_interfaces) StdoutLine: {'line': b'-- Installing: /home/xxx/HUN_sentry_xxx/pb2025_Nav/install/auto_aim_interfaces/include/auto_aim_interfaces/auto_aim_interfaces/msg/detail/armor__type_support.hpp\n'}
[2.984532] (auto_aim_interfaces) StdoutLine: {'line': b'-- Installing: /home/xxx/HUN_sentry_xxx/pb2025_Nav/install/auto_aim_interfaces/include/auto_aim_interfaces/auto_aim_interfaces/msg/detail/armors__builder.hpp\n'}
[2.984624] (auto_aim_interfaces) StdoutLine: {'line': b'-- Installing: /home/xxx/HUN_sentry_xxx/pb2025_Nav/install/auto_aim_interfaces/include/auto_aim_interfaces/auto_aim_interfaces/msg/detail/armors__traits.hpp\n'}
[2.984704] (auto_aim_interfaces) StdoutLine: {'line': b'-- Installing: /home/xxx/HUN_sentry_xxx/pb2025_Nav/install/auto_aim_interfaces/include/auto_aim_interfaces/auto_aim_interfaces/msg/detail/debug_lights__struct.hpp\n'}
[2.984790] (auto_aim_interfaces) StdoutLine: {'line': b'-- Installing: /home/xxx/HUN_sentry_xxx/pb2025_Nav/install/auto_aim_interfaces/include/auto_aim_interfaces/auto_aim_interfaces/msg/detail/debug_light__traits.hpp\n'}
[2.984872] (auto_aim_interfaces) StdoutLine: {'line': b'-- Installing: /home/xxx/HUN_sentry_xxx/pb2025_Nav/install/auto_aim_interfaces/include/auto_aim_interfaces/auto_aim_interfaces/msg/tracker_info.hpp\n'}
[2.984950] (auto_aim_interfaces) StdoutLine: {'line': b'-- Installing: /home/xxx/HUN_sentry_xxx/pb2025_Nav/install/auto_aim_interfaces/include/auto_aim_interfaces/auto_aim_interfaces/msg/debug_armor.hpp\n'}
[2.985025] (auto_aim_interfaces) StdoutLine: {'line': b'-- Installing: /home/xxx/HUN_sentry_xxx/pb2025_Nav/install/auto_aim_interfaces/include/auto_aim_interfaces/auto_aim_interfaces/msg/target.hpp\n'}
[2.985102] (auto_aim_interfaces) StdoutLine: {'line': b'-- Installing: /home/xxx/HUN_sentry_xxx/pb2025_Nav/install/auto_aim_interfaces/include/auto_aim_interfaces/auto_aim_interfaces/msg/rosidl_generator_cpp__visibility_control.hpp\n'}
[2.985188] (auto_aim_interfaces) StdoutLine: {'line': b'-- Installing: /home/xxx/HUN_sentry_xxx/pb2025_Nav/install/auto_aim_interfaces/include/auto_aim_interfaces/auto_aim_interfaces/msg/debug_lights.hpp\n'}
[2.985292] (auto_aim_interfaces) StdoutLine: {'line': b'-- Up-to-date: /home/xxx/HUN_sentry_xxx/pb2025_Nav/install/auto_aim_interfaces/include/auto_aim_interfaces/auto_aim_interfaces\n'}
[2.985363] (auto_aim_interfaces) StdoutLine: {'line': b'-- Up-to-date: /home/xxx/HUN_sentry_xxx/pb2025_Nav/install/auto_aim_interfaces/include/auto_aim_interfaces/auto_aim_interfaces/msg\n'}
[2.985390] (auto_aim_interfaces) StdoutLine: {'line': b'-- Up-to-date: /home/xxx/HUN_sentry_xxx/pb2025_Nav/install/auto_aim_interfaces/include/auto_aim_interfaces/auto_aim_interfaces/msg/detail\n'}
[2.985416] (auto_aim_interfaces) StdoutLine: {'line': b'-- Installing: /home/xxx/HUN_sentry_xxx/pb2025_Nav/install/auto_aim_interfaces/include/auto_aim_interfaces/auto_aim_interfaces/msg/detail/debug_lights__rosidl_typesupport_fastrtps_cpp.hpp\n'}
[2.985476] (auto_aim_interfaces) StdoutLine: {'line': b'-- Installing: /home/xxx/HUN_sentry_xxx/pb2025_Nav/install/auto_aim_interfaces/include/auto_aim_interfaces/auto_aim_interfaces/msg/detail/debug_light__rosidl_typesupport_fastrtps_cpp.hpp\n'}
[2.985537] (auto_aim_interfaces) StdoutLine: {'line': b'-- Installing: /home/xxx/HUN_sentry_xxx/pb2025_Nav/install/auto_aim_interfaces/include/auto_aim_interfaces/auto_aim_interfaces/msg/detail/target__rosidl_typesupport_fastrtps_cpp.hpp\n'}
[2.985609] (auto_aim_interfaces) StdoutLine: {'line': b'-- Installing: /home/xxx/HUN_sentry_xxx/pb2025_Nav/install/auto_aim_interfaces/include/auto_aim_interfaces/auto_aim_interfaces/msg/detail/debug_armor__rosidl_typesupport_fastrtps_cpp.hpp\n'}
[2.985699] (auto_aim_interfaces) StdoutLine: {'line': b'-- Installing: /home/xxx/HUN_sentry_xxx/pb2025_Nav/install/auto_aim_interfaces/include/auto_aim_interfaces/auto_aim_interfaces/msg/detail/armors__rosidl_typesupport_fastrtps_cpp.hpp\n'}
[2.985770] (auto_aim_interfaces) StdoutLine: {'line': b'-- Installing: /home/xxx/HUN_sentry_xxx/pb2025_Nav/install/auto_aim_interfaces/include/auto_aim_interfaces/auto_aim_interfaces/msg/detail/dds_fastrtps\n'}
[2.985841] (auto_aim_interfaces) StdoutLine: {'line': b'-- Installing: /home/xxx/HUN_sentry_xxx/pb2025_Nav/install/auto_aim_interfaces/include/auto_aim_interfaces/auto_aim_interfaces/msg/detail/tracker_info__rosidl_typesupport_fastrtps_cpp.hpp\n'}
[2.985926] (auto_aim_interfaces) StdoutLine: {'line': b'-- Installing: /home/xxx/HUN_sentry_xxx/pb2025_Nav/install/auto_aim_interfaces/include/auto_aim_interfaces/auto_aim_interfaces/msg/detail/debug_armors__rosidl_typesupport_fastrtps_cpp.hpp\n'}
[2.986009] (auto_aim_interfaces) StdoutLine: {'line': b'-- Installing: /home/xxx/HUN_sentry_xxx/pb2025_Nav/install/auto_aim_interfaces/include/auto_aim_interfaces/auto_aim_interfaces/msg/detail/armor__rosidl_typesupport_fastrtps_cpp.hpp\n'}
[2.986090] (auto_aim_interfaces) StdoutLine: {'line': b'-- Installing: /home/xxx/HUN_sentry_xxx/pb2025_Nav/install/auto_aim_interfaces/include/auto_aim_interfaces/auto_aim_interfaces/msg/rosidl_typesupport_fastrtps_cpp__visibility_control.h\n'}
[2.986206] (auto_aim_interfaces) StdoutLine: {'line': b'-- Installing: /home/xxx/HUN_sentry_xxx/pb2025_Nav/install/auto_aim_interfaces/lib/libauto_aim_interfaces__rosidl_typesupport_fastrtps_cpp.so\n'}
[2.986620] (auto_aim_interfaces) StdoutLine: {'line': b'-- Set runtime path of "/home/xxx/HUN_sentry_xxx/pb2025_Nav/install/auto_aim_interfaces/lib/libauto_aim_interfaces__rosidl_typesupport_fastrtps_cpp.so" to ""\n'}
[2.986698] (auto_aim_interfaces) StdoutLine: {'line': b'-- Up-to-date: /home/xxx/HUN_sentry_xxx/pb2025_Nav/install/auto_aim_interfaces/include/auto_aim_interfaces/auto_aim_interfaces\n'}
[2.986728] (auto_aim_interfaces) StdoutLine: {'line': b'-- Up-to-date: /home/xxx/HUN_sentry_xxx/pb2025_Nav/install/auto_aim_interfaces/include/auto_aim_interfaces/auto_aim_interfaces/msg\n'}
[2.986811] (auto_aim_interfaces) StdoutLine: {'line': b'-- Up-to-date: /home/xxx/HUN_sentry_xxx/pb2025_Nav/install/auto_aim_interfaces/include/auto_aim_interfaces/auto_aim_interfaces/msg/detail\n'}
[2.986839] (auto_aim_interfaces) StdoutLine: {'line': b'-- Installing: /home/xxx/HUN_sentry_xxx/pb2025_Nav/install/auto_aim_interfaces/include/auto_aim_interfaces/auto_aim_interfaces/msg/detail/armor__rosidl_typesupport_introspection_cpp.hpp\n'}
[2.986898] (auto_aim_interfaces) StdoutLine: {'line': b'-- Installing: /home/xxx/HUN_sentry_xxx/pb2025_Nav/install/auto_aim_interfaces/include/auto_aim_interfaces/auto_aim_interfaces/msg/detail/debug_light__type_support.cpp\n'}
[2.986952] (auto_aim_interfaces) StdoutLine: {'line': b'-- Installing: /home/xxx/HUN_sentry_xxx/pb2025_Nav/install/auto_aim_interfaces/include/auto_aim_interfaces/auto_aim_interfaces/msg/detail/debug_armors__type_support.cpp\n'}
[2.987014] (auto_aim_interfaces) StdoutLine: {'line': b'-- Installing: /home/xxx/HUN_sentry_xxx/pb2025_Nav/install/auto_aim_interfaces/include/auto_aim_interfaces/auto_aim_interfaces/msg/detail/target__type_support.cpp\n'}
[2.987095] (auto_aim_interfaces) StdoutLine: {'line': b'-- Installing: /home/xxx/HUN_sentry_xxx/pb2025_Nav/install/auto_aim_interfaces/include/auto_aim_interfaces/auto_aim_interfaces/msg/detail/armors__rosidl_typesupport_introspection_cpp.hpp\n'}
[2.987167] (auto_aim_interfaces) StdoutLine: {'line': b'-- Installing: /home/xxx/HUN_sentry_xxx/pb2025_Nav/install/auto_aim_interfaces/include/auto_aim_interfaces/auto_aim_interfaces/msg/detail/debug_lights__rosidl_typesupport_introspection_cpp.hpp\n'}
[2.987257] (auto_aim_interfaces) StdoutLine: {'line': b'-- Installing: /home/xxx/HUN_sentry_xxx/pb2025_Nav/install/auto_aim_interfaces/include/auto_aim_interfaces/auto_aim_interfaces/msg/detail/debug_light__rosidl_typesupport_introspection_cpp.hpp\n'}
[2.987354] (auto_aim_interfaces) StdoutLine: {'line': b'-- Installing: /home/xxx/HUN_sentry_xxx/pb2025_Nav/install/auto_aim_interfaces/include/auto_aim_interfaces/auto_aim_interfaces/msg/detail/debug_armor__rosidl_typesupport_introspection_cpp.hpp\n'}
[2.987470] (auto_aim_interfaces) StdoutLine: {'line': b'-- Installing: /home/xxx/HUN_sentry_xxx/pb2025_Nav/install/auto_aim_interfaces/include/auto_aim_interfaces/auto_aim_interfaces/msg/detail/armors__type_support.cpp\n'}
[2.987540] (auto_aim_interfaces) StdoutLine: {'line': b'-- Installing: /home/xxx/HUN_sentry_xxx/pb2025_Nav/install/auto_aim_interfaces/include/auto_aim_interfaces/auto_aim_interfaces/msg/detail/debug_armor__type_support.cpp\n'}
[2.987629] (auto_aim_interfaces) StdoutLine: {'line': b'-- Installing: /home/xxx/HUN_sentry_xxx/pb2025_Nav/install/auto_aim_interfaces/include/auto_aim_interfaces/auto_aim_interfaces/msg/detail/tracker_info__type_support.cpp\n'}
[2.987728] (auto_aim_interfaces) StdoutLine: {'line': b'-- Installing: /home/xxx/HUN_sentry_xxx/pb2025_Nav/install/auto_aim_interfaces/include/auto_aim_interfaces/auto_aim_interfaces/msg/detail/debug_armors__rosidl_typesupport_introspection_cpp.hpp\n'}
[2.987804] (auto_aim_interfaces) StdoutLine: {'line': b'-- Installing: /home/xxx/HUN_sentry_xxx/pb2025_Nav/install/auto_aim_interfaces/include/auto_aim_interfaces/auto_aim_interfaces/msg/detail/debug_lights__type_support.cpp\n'}
[2.987885] (auto_aim_interfaces) StdoutLine: {'line': b'-- Installing: /home/xxx/HUN_sentry_xxx/pb2025_Nav/install/auto_aim_interfaces/include/auto_aim_interfaces/auto_aim_interfaces/msg/detail/armor__type_support.cpp\n'}
[2.987977] (auto_aim_interfaces) StdoutLine: {'line': b'-- Installing: /home/xxx/HUN_sentry_xxx/pb2025_Nav/install/auto_aim_interfaces/include/auto_aim_interfaces/auto_aim_interfaces/msg/detail/tracker_info__rosidl_typesupport_introspection_cpp.hpp\n'}
[2.988061] (auto_aim_interfaces) StdoutLine: {'line': b'-- Installing: /home/xxx/HUN_sentry_xxx/pb2025_Nav/install/auto_aim_interfaces/include/auto_aim_interfaces/auto_aim_interfaces/msg/detail/target__rosidl_typesupport_introspection_cpp.hpp\n'}
[2.988160] (auto_aim_interfaces) StdoutLine: {'line': b'-- Installing: /home/xxx/HUN_sentry_xxx/pb2025_Nav/install/auto_aim_interfaces/lib/libauto_aim_interfaces__rosidl_typesupport_introspection_cpp.so\n'}
[2.988586] (auto_aim_interfaces) StdoutLine: {'line': b'-- Set runtime path of "/home/xxx/HUN_sentry_xxx/pb2025_Nav/install/auto_aim_interfaces/lib/libauto_aim_interfaces__rosidl_typesupport_introspection_cpp.so" to ""\n'}
[2.988711] (auto_aim_interfaces) StdoutLine: {'line': b'-- Installing: /home/xxx/HUN_sentry_xxx/pb2025_Nav/install/auto_aim_interfaces/lib/libauto_aim_interfaces__rosidl_typesupport_cpp.so\n'}
[2.988905] (auto_aim_interfaces) StdoutLine: {'line': b'-- Set runtime path of "/home/xxx/HUN_sentry_xxx/pb2025_Nav/install/auto_aim_interfaces/lib/libauto_aim_interfaces__rosidl_typesupport_cpp.so" to ""\n'}
[2.988968] (auto_aim_interfaces) StdoutLine: {'line': b'-- Installing: /home/xxx/HUN_sentry_xxx/pb2025_Nav/install/auto_aim_interfaces/share/auto_aim_interfaces/environment/pythonpath.sh\n'}
[2.989053] (auto_aim_interfaces) StdoutLine: {'line': b'-- Installing: /home/xxx/HUN_sentry_xxx/pb2025_Nav/install/auto_aim_interfaces/share/auto_aim_interfaces/environment/pythonpath.dsv\n'}
[2.989117] (auto_aim_interfaces) StdoutLine: {'line': b'-- Installing: /home/xxx/HUN_sentry_xxx/pb2025_Nav/install/auto_aim_interfaces/local/lib/python3.10/dist-packages/auto_aim_interfaces-0.0.0-py3.10.egg-info\n'}
[2.989195] (auto_aim_interfaces) StdoutLine: {'line': b'-- Installing: /home/xxx/HUN_sentry_xxx/pb2025_Nav/install/auto_aim_interfaces/local/lib/python3.10/dist-packages/auto_aim_interfaces-0.0.0-py3.10.egg-info/dependency_links.txt\n'}
[2.989291] (auto_aim_interfaces) StdoutLine: {'line': b'-- Installing: /home/xxx/HUN_sentry_xxx/pb2025_Nav/install/auto_aim_interfaces/local/lib/python3.10/dist-packages/auto_aim_interfaces-0.0.0-py3.10.egg-info/SOURCES.txt\n'}
[2.989353] (auto_aim_interfaces) StdoutLine: {'line': b'-- Installing: /home/xxx/HUN_sentry_xxx/pb2025_Nav/install/auto_aim_interfaces/local/lib/python3.10/dist-packages/auto_aim_interfaces-0.0.0-py3.10.egg-info/PKG-INFO\n'}
[2.989439] (auto_aim_interfaces) StdoutLine: {'line': b'-- Installing: /home/xxx/HUN_sentry_xxx/pb2025_Nav/install/auto_aim_interfaces/local/lib/python3.10/dist-packages/auto_aim_interfaces-0.0.0-py3.10.egg-info/top_level.txt\n'}
[2.989518] (auto_aim_interfaces) StdoutLine: {'line': b'-- Installing: /home/xxx/HUN_sentry_xxx/pb2025_Nav/install/auto_aim_interfaces/local/lib/python3.10/dist-packages/auto_aim_interfaces\n'}
[2.989586] (auto_aim_interfaces) StdoutLine: {'line': b'-- Installing: /home/xxx/HUN_sentry_xxx/pb2025_Nav/install/auto_aim_interfaces/local/lib/python3.10/dist-packages/auto_aim_interfaces/msg\n'}
[2.989653] (auto_aim_interfaces) StdoutLine: {'line': b'-- Installing: /home/xxx/HUN_sentry_xxx/pb2025_Nav/install/auto_aim_interfaces/local/lib/python3.10/dist-packages/auto_aim_interfaces/msg/_target.py\n'}
[2.989728] (auto_aim_interfaces) StdoutLine: {'line': b'-- Installing: /home/xxx/HUN_sentry_xxx/pb2025_Nav/install/auto_aim_interfaces/local/lib/python3.10/dist-packages/auto_aim_interfaces/msg/_target_s.c\n'}
[2.989813] (auto_aim_interfaces) StdoutLine: {'line': b'-- Installing: /home/xxx/HUN_sentry_xxx/pb2025_Nav/install/auto_aim_interfaces/local/lib/python3.10/dist-packages/auto_aim_interfaces/msg/_debug_armors_s.c\n'}
[2.989891] (auto_aim_interfaces) StdoutLine: {'line': b'-- Installing: /home/xxx/HUN_sentry_xxx/pb2025_Nav/install/auto_aim_interfaces/local/lib/python3.10/dist-packages/auto_aim_interfaces/msg/_armors.py\n'}
[2.989970] (auto_aim_interfaces) StdoutLine: {'line': b'-- Installing: /home/xxx/HUN_sentry_xxx/pb2025_Nav/install/auto_aim_interfaces/local/lib/python3.10/dist-packages/auto_aim_interfaces/msg/_debug_light.py\n'}
[2.990051] (auto_aim_interfaces) StdoutLine: {'line': b'-- Installing: /home/xxx/HUN_sentry_xxx/pb2025_Nav/install/auto_aim_interfaces/local/lib/python3.10/dist-packages/auto_aim_interfaces/msg/_debug_armors.py\n'}
[2.990128] (auto_aim_interfaces) StdoutLine: {'line': b'-- Installing: /home/xxx/HUN_sentry_xxx/pb2025_Nav/install/auto_aim_interfaces/local/lib/python3.10/dist-packages/auto_aim_interfaces/msg/_debug_lights.py\n'}
[2.990206] (auto_aim_interfaces) StdoutLine: {'line': b'-- Installing: /home/xxx/HUN_sentry_xxx/pb2025_Nav/install/auto_aim_interfaces/local/lib/python3.10/dist-packages/auto_aim_interfaces/msg/_tracker_info_s.c\n'}
[2.990290] (auto_aim_interfaces) StdoutLine: {'line': b'-- Installing: /home/xxx/HUN_sentry_xxx/pb2025_Nav/install/auto_aim_interfaces/local/lib/python3.10/dist-packages/auto_aim_interfaces/msg/_tracker_info.py\n'}
[2.990369] (auto_aim_interfaces) StdoutLine: {'line': b'-- Installing: /home/xxx/HUN_sentry_xxx/pb2025_Nav/install/auto_aim_interfaces/local/lib/python3.10/dist-packages/auto_aim_interfaces/msg/_debug_lights_s.c\n'}
[2.990448] (auto_aim_interfaces) StdoutLine: {'line': b'-- Installing: /home/xxx/HUN_sentry_xxx/pb2025_Nav/install/auto_aim_interfaces/local/lib/python3.10/dist-packages/auto_aim_interfaces/msg/_armor.py\n'}
[2.990527] (auto_aim_interfaces) StdoutLine: {'line': b'-- Installing: /home/xxx/HUN_sentry_xxx/pb2025_Nav/install/auto_aim_interfaces/local/lib/python3.10/dist-packages/auto_aim_interfaces/msg/_debug_armor_s.c\n'}
[2.990707] (auto_aim_interfaces) StdoutLine: {'line': b'-- Installing: /home/xxx/HUN_sentry_xxx/pb2025_Nav/install/auto_aim_interfaces/local/lib/python3.10/dist-packages/auto_aim_interfaces/msg/_debug_light_s.c\n'}
[2.990791] (auto_aim_interfaces) StdoutLine: {'line': b'-- Installing: /home/xxx/HUN_sentry_xxx/pb2025_Nav/install/auto_aim_interfaces/local/lib/python3.10/dist-packages/auto_aim_interfaces/msg/_debug_armor.py\n'}
[2.990869] (auto_aim_interfaces) StdoutLine: {'line': b'-- Installing: /home/xxx/HUN_sentry_xxx/pb2025_Nav/install/auto_aim_interfaces/local/lib/python3.10/dist-packages/auto_aim_interfaces/msg/_armor_s.c\n'}
[2.990944] (auto_aim_interfaces) StdoutLine: {'line': b'-- Installing: /home/xxx/HUN_sentry_xxx/pb2025_Nav/install/auto_aim_interfaces/local/lib/python3.10/dist-packages/auto_aim_interfaces/msg/_armors_s.c\n'}
[2.991023] (auto_aim_interfaces) StdoutLine: {'line': b'-- Installing: /home/xxx/HUN_sentry_xxx/pb2025_Nav/install/auto_aim_interfaces/local/lib/python3.10/dist-packages/auto_aim_interfaces/msg/__init__.py\n'}
[2.991101] (auto_aim_interfaces) StdoutLine: {'line': b'-- Installing: /home/xxx/HUN_sentry_xxx/pb2025_Nav/install/auto_aim_interfaces/local/lib/python3.10/dist-packages/auto_aim_interfaces/auto_aim_interfaces_s__rosidl_typesupport_introspection_c.cpython-310-x86_64-linux-gnu.so\n'}
[2.991212] (auto_aim_interfaces) StdoutLine: {'line': b'-- Installing: /home/xxx/HUN_sentry_xxx/pb2025_Nav/install/auto_aim_interfaces/local/lib/python3.10/dist-packages/auto_aim_interfaces/_auto_aim_interfaces_s.ep.rosidl_typesupport_c.c\n'}
[2.991315] (auto_aim_interfaces) StdoutLine: {'line': b'-- Installing: /home/xxx/HUN_sentry_xxx/pb2025_Nav/install/auto_aim_interfaces/local/lib/python3.10/dist-packages/auto_aim_interfaces/_auto_aim_interfaces_s.ep.rosidl_typesupport_introspection_c.c\n'}
[2.991424] (auto_aim_interfaces) StdoutLine: {'line': b'-- Installing: /home/xxx/HUN_sentry_xxx/pb2025_Nav/install/auto_aim_interfaces/local/lib/python3.10/dist-packages/auto_aim_interfaces/libauto_aim_interfaces__rosidl_generator_py.so\n'}
[2.991557] (auto_aim_interfaces) StdoutLine: {'line': b'-- Installing: /home/xxx/HUN_sentry_xxx/pb2025_Nav/install/auto_aim_interfaces/local/lib/python3.10/dist-packages/auto_aim_interfaces/auto_aim_interfaces_s__rosidl_typesupport_c.cpython-310-x86_64-linux-gnu.so\n'}
[2.991655] (auto_aim_interfaces) StdoutLine: {'line': b'-- Installing: /home/xxx/HUN_sentry_xxx/pb2025_Nav/install/auto_aim_interfaces/local/lib/python3.10/dist-packages/auto_aim_interfaces/_auto_aim_interfaces_s.ep.rosidl_typesupport_fastrtps_c.c\n'}
[2.991760] (auto_aim_interfaces) StdoutLine: {'line': b'-- Installing: /home/xxx/HUN_sentry_xxx/pb2025_Nav/install/auto_aim_interfaces/local/lib/python3.10/dist-packages/auto_aim_interfaces/auto_aim_interfaces_s__rosidl_typesupport_fastrtps_c.cpython-310-x86_64-linux-gnu.so\n'}
[2.991863] (auto_aim_interfaces) StdoutLine: {'line': b'-- Installing: /home/xxx/HUN_sentry_xxx/pb2025_Nav/install/auto_aim_interfaces/local/lib/python3.10/dist-packages/auto_aim_interfaces/__init__.py\n'}
[3.002398] (-) TimerEvent: {}
[3.015350] (auto_aim_interfaces) StdoutLine: {'line': b"Listing '/home/xxx/HUN_sentry_xxx/pb2025_Nav/install/auto_aim_interfaces/local/lib/python3.10/dist-packages/auto_aim_interfaces'...\n"}
[3.015445] (auto_aim_interfaces) StdoutLine: {'line': b"Compiling '/home/xxx/HUN_sentry_xxx/pb2025_Nav/install/auto_aim_interfaces/local/lib/python3.10/dist-packages/auto_aim_interfaces/__init__.py'...\n"}
[3.015496] (auto_aim_interfaces) StdoutLine: {'line': b"Listing '/home/xxx/HUN_sentry_xxx/pb2025_Nav/install/auto_aim_interfaces/local/lib/python3.10/dist-packages/auto_aim_interfaces/msg'...\n"}
[3.015539] (auto_aim_interfaces) StdoutLine: {'line': b"Compiling '/home/xxx/HUN_sentry_xxx/pb2025_Nav/install/auto_aim_interfaces/local/lib/python3.10/dist-packages/auto_aim_interfaces/msg/__init__.py'...\n"}
[3.015592] (auto_aim_interfaces) StdoutLine: {'line': b"Compiling '/home/xxx/HUN_sentry_xxx/pb2025_Nav/install/auto_aim_interfaces/local/lib/python3.10/dist-packages/auto_aim_interfaces/msg/_armor.py'...\n"}
[3.015632] (auto_aim_interfaces) StdoutLine: {'line': b"Compiling '/home/xxx/HUN_sentry_xxx/pb2025_Nav/install/auto_aim_interfaces/local/lib/python3.10/dist-packages/auto_aim_interfaces/msg/_armors.py'...\n"}
[3.015672] (auto_aim_interfaces) StdoutLine: {'line': b"Compiling '/home/xxx/HUN_sentry_xxx/pb2025_Nav/install/auto_aim_interfaces/local/lib/python3.10/dist-packages/auto_aim_interfaces/msg/_debug_armor.py'...\n"}
[3.015713] (auto_aim_interfaces) StdoutLine: {'line': b"Compiling '/home/xxx/HUN_sentry_xxx/pb2025_Nav/install/auto_aim_interfaces/local/lib/python3.10/dist-packages/auto_aim_interfaces/msg/_debug_armors.py'...\n"}
[3.015753] (auto_aim_interfaces) StdoutLine: {'line': b"Compiling '/home/xxx/HUN_sentry_xxx/pb2025_Nav/install/auto_aim_interfaces/local/lib/python3.10/dist-packages/auto_aim_interfaces/msg/_debug_light.py'...\n"}
[3.015794] (auto_aim_interfaces) StdoutLine: {'line': b"Compiling '/home/xxx/HUN_sentry_xxx/pb2025_Nav/install/auto_aim_interfaces/local/lib/python3.10/dist-packages/auto_aim_interfaces/msg/_debug_lights.py'...\n"}
[3.015832] (auto_aim_interfaces) StdoutLine: {'line': b"Compiling '/home/xxx/HUN_sentry_xxx/pb2025_Nav/install/auto_aim_interfaces/local/lib/python3.10/dist-packages/auto_aim_interfaces/msg/_target.py'...\n"}
[3.015871] (auto_aim_interfaces) StdoutLine: {'line': b"Compiling '/home/xxx/HUN_sentry_xxx/pb2025_Nav/install/auto_aim_interfaces/local/lib/python3.10/dist-packages/auto_aim_interfaces/msg/_tracker_info.py'...\n"}
[3.017838] (auto_aim_interfaces) StdoutLine: {'line': b'-- Installing: /home/xxx/HUN_sentry_xxx/pb2025_Nav/install/auto_aim_interfaces/local/lib/python3.10/dist-packages/auto_aim_interfaces/auto_aim_interfaces_s__rosidl_typesupport_fastrtps_c.cpython-310-x86_64-linux-gnu.so\n'}
[3.018107] (auto_aim_interfaces) StdoutLine: {'line': b'-- Set runtime path of "/home/xxx/HUN_sentry_xxx/pb2025_Nav/install/auto_aim_interfaces/local/lib/python3.10/dist-packages/auto_aim_interfaces/auto_aim_interfaces_s__rosidl_typesupport_fastrtps_c.cpython-310-x86_64-linux-gnu.so" to ""\n'}
[3.018237] (auto_aim_interfaces) StdoutLine: {'line': b'-- Installing: /home/xxx/HUN_sentry_xxx/pb2025_Nav/install/auto_aim_interfaces/local/lib/python3.10/dist-packages/auto_aim_interfaces/auto_aim_interfaces_s__rosidl_typesupport_introspection_c.cpython-310-x86_64-linux-gnu.so\n'}
[3.018487] (auto_aim_interfaces) StdoutLine: {'line': b'-- Set runtime path of "/home/xxx/HUN_sentry_xxx/pb2025_Nav/install/auto_aim_interfaces/local/lib/python3.10/dist-packages/auto_aim_interfaces/auto_aim_interfaces_s__rosidl_typesupport_introspection_c.cpython-310-x86_64-linux-gnu.so" to ""\n'}
[3.018630] (auto_aim_interfaces) StdoutLine: {'line': b'-- Installing: /home/xxx/HUN_sentry_xxx/pb2025_Nav/install/auto_aim_interfaces/local/lib/python3.10/dist-packages/auto_aim_interfaces/auto_aim_interfaces_s__rosidl_typesupport_c.cpython-310-x86_64-linux-gnu.so\n'}
[3.018964] (auto_aim_interfaces) StdoutLine: {'line': b'-- Set runtime path of "/home/xxx/HUN_sentry_xxx/pb2025_Nav/install/auto_aim_interfaces/local/lib/python3.10/dist-packages/auto_aim_interfaces/auto_aim_interfaces_s__rosidl_typesupport_c.cpython-310-x86_64-linux-gnu.so" to ""\n'}
[3.019065] (auto_aim_interfaces) StdoutLine: {'line': b'-- Installing: /home/xxx/HUN_sentry_xxx/pb2025_Nav/install/auto_aim_interfaces/lib/libauto_aim_interfaces__rosidl_generator_py.so\n'}
[3.019350] (auto_aim_interfaces) StdoutLine: {'line': b'-- Set runtime path of "/home/xxx/HUN_sentry_xxx/pb2025_Nav/install/auto_aim_interfaces/lib/libauto_aim_interfaces__rosidl_generator_py.so" to ""\n'}
[3.019428] (auto_aim_interfaces) StdoutLine: {'line': b'-- Installing: /home/xxx/HUN_sentry_xxx/pb2025_Nav/install/auto_aim_interfaces/share/ament_index/resource_index/rust_packages/auto_aim_interfaces\n'}
[3.019517] (auto_aim_interfaces) StdoutLine: {'line': b'-- Installing: /home/xxx/HUN_sentry_xxx/pb2025_Nav/install/auto_aim_interfaces/share/auto_aim_interfaces/rust\n'}
[3.019618] (auto_aim_interfaces) StdoutLine: {'line': b'-- Installing: /home/xxx/HUN_sentry_xxx/pb2025_Nav/install/auto_aim_interfaces/share/auto_aim_interfaces/rust/src\n'}
[3.019653] (auto_aim_interfaces) StdoutLine: {'line': b'-- Installing: /home/xxx/HUN_sentry_xxx/pb2025_Nav/install/auto_aim_interfaces/share/auto_aim_interfaces/rust/src/msg.rs\n'}
[3.019712] (auto_aim_interfaces) StdoutLine: {'line': b'-- Installing: /home/xxx/HUN_sentry_xxx/pb2025_Nav/install/auto_aim_interfaces/share/auto_aim_interfaces/rust/src/msg\n'}
[3.019774] (auto_aim_interfaces) StdoutLine: {'line': b'-- Installing: /home/xxx/HUN_sentry_xxx/pb2025_Nav/install/auto_aim_interfaces/share/auto_aim_interfaces/rust/src/msg/rmw.rs\n'}
[3.019833] (auto_aim_interfaces) StdoutLine: {'line': b'-- Installing: /home/xxx/HUN_sentry_xxx/pb2025_Nav/install/auto_aim_interfaces/share/auto_aim_interfaces/rust/src/lib.rs\n'}
[3.019907] (auto_aim_interfaces) StdoutLine: {'line': b'-- Installing: /home/xxx/HUN_sentry_xxx/pb2025_Nav/install/auto_aim_interfaces/share/auto_aim_interfaces/rust/build.rs\n'}
[3.019991] (auto_aim_interfaces) StdoutLine: {'line': b'-- Installing: /home/xxx/HUN_sentry_xxx/pb2025_Nav/install/auto_aim_interfaces/share/auto_aim_interfaces/rust/Cargo.toml\n'}
[3.020104] (auto_aim_interfaces) StdoutLine: {'line': b'-- Installing: /home/xxx/HUN_sentry_xxx/pb2025_Nav/install/auto_aim_interfaces/share/auto_aim_interfaces/msg/Armor.idl\n'}
[3.020219] (auto_aim_interfaces) StdoutLine: {'line': b'-- Installing: /home/xxx/HUN_sentry_xxx/pb2025_Nav/install/auto_aim_interfaces/share/auto_aim_interfaces/msg/Armors.idl\n'}
[3.020303] (auto_aim_interfaces) StdoutLine: {'line': b'-- Installing: /home/xxx/HUN_sentry_xxx/pb2025_Nav/install/auto_aim_interfaces/share/auto_aim_interfaces/msg/Target.idl\n'}
[3.020395] (auto_aim_interfaces) StdoutLine: {'line': b'-- Installing: /home/xxx/HUN_sentry_xxx/pb2025_Nav/install/auto_aim_interfaces/share/auto_aim_interfaces/msg/DebugLight.idl\n'}
[3.020500] (auto_aim_interfaces) StdoutLine: {'line': b'-- Installing: /home/xxx/HUN_sentry_xxx/pb2025_Nav/install/auto_aim_interfaces/share/auto_aim_interfaces/msg/DebugLights.idl\n'}
[3.020589] (auto_aim_interfaces) StdoutLine: {'line': b'-- Installing: /home/xxx/HUN_sentry_xxx/pb2025_Nav/install/auto_aim_interfaces/share/auto_aim_interfaces/msg/DebugArmor.idl\n'}
[3.020673] (auto_aim_interfaces) StdoutLine: {'line': b'-- Installing: /home/xxx/HUN_sentry_xxx/pb2025_Nav/install/auto_aim_interfaces/share/auto_aim_interfaces/msg/DebugArmors.idl\n'}
[3.020770] (auto_aim_interfaces) StdoutLine: {'line': b'-- Installing: /home/xxx/HUN_sentry_xxx/pb2025_Nav/install/auto_aim_interfaces/share/auto_aim_interfaces/msg/TrackerInfo.idl\n'}
[3.020855] (auto_aim_interfaces) StdoutLine: {'line': b'-- Installing: /home/xxx/HUN_sentry_xxx/pb2025_Nav/install/auto_aim_interfaces/share/auto_aim_interfaces/msg/Armor.msg\n'}
[3.020965] (auto_aim_interfaces) StdoutLine: {'line': b'-- Installing: /home/xxx/HUN_sentry_xxx/pb2025_Nav/install/auto_aim_interfaces/share/auto_aim_interfaces/msg/Armors.msg\n'}
[3.021037] (auto_aim_interfaces) StdoutLine: {'line': b'-- Installing: /home/xxx/HUN_sentry_xxx/pb2025_Nav/install/auto_aim_interfaces/share/auto_aim_interfaces/msg/Target.msg\n'}
[3.021133] (auto_aim_interfaces) StdoutLine: {'line': b'-- Installing: /home/xxx/HUN_sentry_xxx/pb2025_Nav/install/auto_aim_interfaces/share/auto_aim_interfaces/msg/DebugLight.msg\n'}
[3.021234] (auto_aim_interfaces) StdoutLine: {'line': b'-- Installing: /home/xxx/HUN_sentry_xxx/pb2025_Nav/install/auto_aim_interfaces/share/auto_aim_interfaces/msg/DebugLights.msg\n'}
[3.021314] (auto_aim_interfaces) StdoutLine: {'line': b'-- Installing: /home/xxx/HUN_sentry_xxx/pb2025_Nav/install/auto_aim_interfaces/share/auto_aim_interfaces/msg/DebugArmor.msg\n'}
[3.021400] (auto_aim_interfaces) StdoutLine: {'line': b'-- Installing: /home/xxx/HUN_sentry_xxx/pb2025_Nav/install/auto_aim_interfaces/share/auto_aim_interfaces/msg/DebugArmors.msg\n'}
[3.021510] (auto_aim_interfaces) StdoutLine: {'line': b'-- Installing: /home/xxx/HUN_sentry_xxx/pb2025_Nav/install/auto_aim_interfaces/share/auto_aim_interfaces/msg/TrackerInfo.msg\n'}
[3.021646] (auto_aim_interfaces) StdoutLine: {'line': b'-- Installing: /home/xxx/HUN_sentry_xxx/pb2025_Nav/install/auto_aim_interfaces/share/ament_index/resource_index/package_run_dependencies/auto_aim_interfaces\n'}
[3.021801] (auto_aim_interfaces) StdoutLine: {'line': b'-- Installing: /home/xxx/HUN_sentry_xxx/pb2025_Nav/install/auto_aim_interfaces/share/ament_index/resource_index/parent_prefix_path/auto_aim_interfaces\n'}
[3.021900] (auto_aim_interfaces) StdoutLine: {'line': b'-- Installing: /home/xxx/HUN_sentry_xxx/pb2025_Nav/install/auto_aim_interfaces/share/auto_aim_interfaces/environment/ament_prefix_path.sh\n'}
[3.022002] (auto_aim_interfaces) StdoutLine: {'line': b'-- Installing: /home/xxx/HUN_sentry_xxx/pb2025_Nav/install/auto_aim_interfaces/share/auto_aim_interfaces/environment/ament_prefix_path.dsv\n'}
[3.022119] (auto_aim_interfaces) StdoutLine: {'line': b'-- Installing: /home/xxx/HUN_sentry_xxx/pb2025_Nav/install/auto_aim_interfaces/share/auto_aim_interfaces/environment/path.sh\n'}
[3.022234] (auto_aim_interfaces) StdoutLine: {'line': b'-- Installing: /home/xxx/HUN_sentry_xxx/pb2025_Nav/install/auto_aim_interfaces/share/auto_aim_interfaces/environment/path.dsv\n'}
[3.022319] (auto_aim_interfaces) StdoutLine: {'line': b'-- Installing: /home/xxx/HUN_sentry_xxx/pb2025_Nav/install/auto_aim_interfaces/share/auto_aim_interfaces/local_setup.bash\n'}
[3.022405] (auto_aim_interfaces) StdoutLine: {'line': b'-- Installing: /home/xxx/HUN_sentry_xxx/pb2025_Nav/install/auto_aim_interfaces/share/auto_aim_interfaces/local_setup.sh\n'}
[3.022502] (auto_aim_interfaces) StdoutLine: {'line': b'-- Installing: /home/xxx/HUN_sentry_xxx/pb2025_Nav/install/auto_aim_interfaces/share/auto_aim_interfaces/local_setup.zsh\n'}
[3.022606] (auto_aim_interfaces) StdoutLine: {'line': b'-- Installing: /home/xxx/HUN_sentry_xxx/pb2025_Nav/install/auto_aim_interfaces/share/auto_aim_interfaces/local_setup.dsv\n'}
[3.022707] (auto_aim_interfaces) StdoutLine: {'line': b'-- Installing: /home/xxx/HUN_sentry_xxx/pb2025_Nav/install/auto_aim_interfaces/share/auto_aim_interfaces/package.dsv\n'}
[3.022821] (auto_aim_interfaces) StdoutLine: {'line': b'-- Installing: /home/xxx/HUN_sentry_xxx/pb2025_Nav/install/auto_aim_interfaces/share/ament_index/resource_index/packages/auto_aim_interfaces\n'}
[3.022951] (auto_aim_interfaces) StdoutLine: {'line': b'-- Installing: /home/xxx/HUN_sentry_xxx/pb2025_Nav/install/auto_aim_interfaces/share/auto_aim_interfaces/cmake/export_auto_aim_interfaces__rosidl_generator_cExport.cmake\n'}
[3.023054] (auto_aim_interfaces) StdoutLine: {'line': b'-- Installing: /home/xxx/HUN_sentry_xxx/pb2025_Nav/install/auto_aim_interfaces/share/auto_aim_interfaces/cmake/export_auto_aim_interfaces__rosidl_generator_cExport-noconfig.cmake\n'}
[3.023157] (auto_aim_interfaces) StdoutLine: {'line': b'-- Installing: /home/xxx/HUN_sentry_xxx/pb2025_Nav/install/auto_aim_interfaces/share/auto_aim_interfaces/cmake/export_auto_aim_interfaces__rosidl_typesupport_fastrtps_cExport.cmake\n'}
[3.023259] (auto_aim_interfaces) StdoutLine: {'line': b'-- Installing: /home/xxx/HUN_sentry_xxx/pb2025_Nav/install/auto_aim_interfaces/share/auto_aim_interfaces/cmake/export_auto_aim_interfaces__rosidl_typesupport_fastrtps_cExport-noconfig.cmake\n'}
[3.023360] (auto_aim_interfaces) StdoutLine: {'line': b'-- Installing: /home/xxx/HUN_sentry_xxx/pb2025_Nav/install/auto_aim_interfaces/share/auto_aim_interfaces/cmake/auto_aim_interfaces__rosidl_typesupport_introspection_cExport.cmake\n'}
[3.023460] (auto_aim_interfaces) StdoutLine: {'line': b'-- Installing: /home/xxx/HUN_sentry_xxx/pb2025_Nav/install/auto_aim_interfaces/share/auto_aim_interfaces/cmake/auto_aim_interfaces__rosidl_typesupport_introspection_cExport-noconfig.cmake\n'}
[3.023574] (auto_aim_interfaces) StdoutLine: {'line': b'-- Installing: /home/xxx/HUN_sentry_xxx/pb2025_Nav/install/auto_aim_interfaces/share/auto_aim_interfaces/cmake/auto_aim_interfaces__rosidl_typesupport_cExport.cmake\n'}
[3.023677] (auto_aim_interfaces) StdoutLine: {'line': b'-- Installing: /home/xxx/HUN_sentry_xxx/pb2025_Nav/install/auto_aim_interfaces/share/auto_aim_interfaces/cmake/auto_aim_interfaces__rosidl_typesupport_cExport-noconfig.cmake\n'}
[3.023781] (auto_aim_interfaces) StdoutLine: {'line': b'-- Installing: /home/xxx/HUN_sentry_xxx/pb2025_Nav/install/auto_aim_interfaces/share/auto_aim_interfaces/cmake/export_auto_aim_interfaces__rosidl_generator_cppExport.cmake\n'}
[3.023886] (auto_aim_interfaces) StdoutLine: {'line': b'-- Installing: /home/xxx/HUN_sentry_xxx/pb2025_Nav/install/auto_aim_interfaces/share/auto_aim_interfaces/cmake/export_auto_aim_interfaces__rosidl_typesupport_fastrtps_cppExport.cmake\n'}
[3.023979] (auto_aim_interfaces) StdoutLine: {'line': b'-- Installing: /home/xxx/HUN_sentry_xxx/pb2025_Nav/install/auto_aim_interfaces/share/auto_aim_interfaces/cmake/export_auto_aim_interfaces__rosidl_typesupport_fastrtps_cppExport-noconfig.cmake\n'}
[3.024092] (auto_aim_interfaces) StdoutLine: {'line': b'-- Installing: /home/xxx/HUN_sentry_xxx/pb2025_Nav/install/auto_aim_interfaces/share/auto_aim_interfaces/cmake/auto_aim_interfaces__rosidl_typesupport_introspection_cppExport.cmake\n'}
[3.024188] (auto_aim_interfaces) StdoutLine: {'line': b'-- Installing: /home/xxx/HUN_sentry_xxx/pb2025_Nav/install/auto_aim_interfaces/share/auto_aim_interfaces/cmake/auto_aim_interfaces__rosidl_typesupport_introspection_cppExport-noconfig.cmake\n'}
[3.024309] (auto_aim_interfaces) StdoutLine: {'line': b'-- Installing: /home/xxx/HUN_sentry_xxx/pb2025_Nav/install/auto_aim_interfaces/share/auto_aim_interfaces/cmake/auto_aim_interfaces__rosidl_typesupport_cppExport.cmake\n'}
[3.024396] (auto_aim_interfaces) StdoutLine: {'line': b'-- Installing: /home/xxx/HUN_sentry_xxx/pb2025_Nav/install/auto_aim_interfaces/share/auto_aim_interfaces/cmake/auto_aim_interfaces__rosidl_typesupport_cppExport-noconfig.cmake\n'}
[3.024574] (auto_aim_interfaces) StdoutLine: {'line': b'-- Installing: /home/xxx/HUN_sentry_xxx/pb2025_Nav/install/auto_aim_interfaces/share/auto_aim_interfaces/cmake/export_auto_aim_interfaces__rosidl_generator_pyExport.cmake\n'}
[3.024682] (auto_aim_interfaces) StdoutLine: {'line': b'-- Installing: /home/xxx/HUN_sentry_xxx/pb2025_Nav/install/auto_aim_interfaces/share/auto_aim_interfaces/cmake/export_auto_aim_interfaces__rosidl_generator_pyExport-noconfig.cmake\n'}
[3.024784] (auto_aim_interfaces) StdoutLine: {'line': b'-- Installing: /home/xxx/HUN_sentry_xxx/pb2025_Nav/install/auto_aim_interfaces/share/auto_aim_interfaces/cmake/rosidl_cmake-extras.cmake\n'}
[3.024875] (auto_aim_interfaces) StdoutLine: {'line': b'-- Installing: /home/xxx/HUN_sentry_xxx/pb2025_Nav/install/auto_aim_interfaces/share/auto_aim_interfaces/cmake/ament_cmake_export_dependencies-extras.cmake\n'}
[3.024976] (auto_aim_interfaces) StdoutLine: {'line': b'-- Installing: /home/xxx/HUN_sentry_xxx/pb2025_Nav/install/auto_aim_interfaces/share/auto_aim_interfaces/cmake/ament_cmake_export_include_directories-extras.cmake\n'}
[3.025074] (auto_aim_interfaces) StdoutLine: {'line': b'-- Installing: /home/xxx/HUN_sentry_xxx/pb2025_Nav/install/auto_aim_interfaces/share/auto_aim_interfaces/cmake/ament_cmake_export_libraries-extras.cmake\n'}
[3.025174] (auto_aim_interfaces) StdoutLine: {'line': b'-- Installing: /home/xxx/HUN_sentry_xxx/pb2025_Nav/install/auto_aim_interfaces/share/auto_aim_interfaces/cmake/ament_cmake_export_targets-extras.cmake\n'}
[3.025272] (auto_aim_interfaces) StdoutLine: {'line': b'-- Installing: /home/xxx/HUN_sentry_xxx/pb2025_Nav/install/auto_aim_interfaces/share/auto_aim_interfaces/cmake/rosidl_cmake_export_typesupport_targets-extras.cmake\n'}
[3.025373] (auto_aim_interfaces) StdoutLine: {'line': b'-- Installing: /home/xxx/HUN_sentry_xxx/pb2025_Nav/install/auto_aim_interfaces/share/auto_aim_interfaces/cmake/rosidl_cmake_export_typesupport_libraries-extras.cmake\n'}
[3.025471] (auto_aim_interfaces) StdoutLine: {'line': b'-- Installing: /home/xxx/HUN_sentry_xxx/pb2025_Nav/install/auto_aim_interfaces/share/auto_aim_interfaces/cmake/auto_aim_interfacesConfig.cmake\n'}
[3.025542] (auto_aim_interfaces) StdoutLine: {'line': b'-- Installing: /home/xxx/HUN_sentry_xxx/pb2025_Nav/install/auto_aim_interfaces/share/auto_aim_interfaces/cmake/auto_aim_interfacesConfig-version.cmake\n'}
[3.025656] (auto_aim_interfaces) StdoutLine: {'line': b'-- Installing: /home/xxx/HUN_sentry_xxx/pb2025_Nav/install/auto_aim_interfaces/share/auto_aim_interfaces/package.xml\n'}
[3.027128] (auto_aim_interfaces) CommandEnded: {'returncode': 0}
[3.041629] (auto_aim_interfaces) JobEnded: {'identifier': 'auto_aim_interfaces', 'rc': 0}
[3.041874] (nav_bridge) JobStarted: {'identifier': 'nav_bridge'}
[3.046973] (nav_bridge) JobProgress: {'identifier': 'nav_bridge', 'progress': 'cmake'}
[3.047239] (nav_bridge) Command: {'cmd': ['/usr/bin/cmake', '/home/xxx/HUN_sentry_xxx/pb2025_Nav/src/nav_bridge', '-DCMAKE_INSTALL_PREFIX=/home/xxx/HUN_sentry_xxx/pb2025_Nav/install/nav_bridge'], 'cwd': '/home/xxx/HUN_sentry_xxx/pb2025_Nav/build/nav_bridge', 'env': OrderedDict([('GJS_DEBUG_TOPICS', 'JS ERROR;JS LOG'), ('PYTHON_BASIC_REPL', '1'), ('LESSOPEN', '| /usr/bin/lesspipe %s'), ('MVS_PATH', '/opt/MVS'), ('AI_AGENT', 'TRAE'), ('LANGUAGE', 'zh_CN:zh:en_US:en'), ('TENSORRT_DIR', '/home/xxx/nvidia_libs/TensorRT-8.4.2.4'), ('USER', 'xxx'), ('LC_TIME', 'zh_CN.UTF-8'), ('XDG_SESSION_TYPE', 'x11'), ('ALLUSERSPROFILE', '/opt/MVS/MVFG'), ('GIT_ASKPASS', '/usr/share/trae-cn/resources/app/extensions/git/dist/askpass.sh'), ('SHLVL', '1'), ('LD_LIBRARY_PATH', '/home/xxx/HUN_sentry_xxx/pb2025_Nav/install/auto_aim_interfaces/lib:/usr/local/cuda-12.4/lib64:/opt/MVS/lib/64:/home/xxx/nvidia_libs/TensorRT-8.4.2.4/lib:/opt/MVS/lib/64:/opt/MVS/lib/32:/opt/ros/humble/opt/rviz_ogre_vendor/lib:/opt/ros/humble/lib/x86_64-linux-gnu:/opt/ros/humble/lib:/opt/MVS/lib/64:/opt/MVS/lib/32:/opt/MVS/lib/64:/opt/MVS/lib/32'), ('HOME', '/home/xxx'), ('CHROME_DESKTOP', 'trae-cn.desktop'), ('OLDPWD', '/home/xxx/HUN_sentry_xxx/sk2026_xxx_version'), ('TERM_PROGRAM_VERSION', '1.107.1'), ('DESKTOP_SESSION', 'ubuntu'), ('GIO_LAUNCHED_DESKTOP_FILE', '/usr/share/applications/trae-cn.desktop'), ('TRAE_SANDBOX_CLI_PATH', '/usr/share/trae-cn/resources/app/modules/sandbox/trae-sandbox'), ('ROS_PYTHON_VERSION', '3'), ('GNOME_SHELL_SESSION_MODE', 'ubuntu'), ('GTK_MODULES', 'gail:atk-bridge'), ('PAGER', ''), ('VSCODE_GIT_ASKPASS_MAIN', '/usr/share/trae-cn/resources/app/extensions/git/dist/askpass-main.js'), ('LC_MONETARY', 'zh_CN.UTF-8'), ('VSCODE_GIT_ASKPASS_NODE', '/usr/share/trae-cn/trae-cn'), ('MANAGERPID', '2015'), ('TRAE_AI_SHELL_ID', '4'), ('TRAE_SANDBOX_SOURCE_FLAG_PATH', '/tmp/sandbox-source-flag-68af22aa-5130-4d14-ba29-aada38336179'), ('PYDEVD_DISABLE_FILE_VALIDATION', '1'), ('SYSTEMD_EXEC_PID', '2301'), ('BUNDLED_DEBUGPY_PATH', '/home/xxx/.trae-cn/extensions/ms-python.debugpy-2026.6.0-linux-x64/bundled/libs/debugpy'), ('VSCODE_PYTHON_AUTOACTIVATE_GUARD', '1'), ('DBUS_SESSION_BUS_ADDRESS', 'unix:path=/run/user/1000/bus'), ('COLORTERM', 'truecolor'), ('isArchMatched', '1'), ('GIO_LAUNCHED_DESKTOP_FILE_PID', '4522'), ('TRAE_JWT_TOKEN_PATH', '/home/xxx/.trae-cn/trae-jwt-token'), ('TRAE_SANDBOX_STORAGE_PATH', '/home/xxx/.config/Trae CN/ModularData/ai-agent/sandbox'), ('SAFE_RM_AUTO_ADD_TEMP', '1'), ('IM_CONFIG_PHASE', '1'), ('ROS_DISTRO', 'humble'), ('GTK_IM_MODULE', 'fcitx'), ('LOGNAME', 'xxx'), ('SAFE_RM_DENIED_PATH', '/home/xxx/HUN_sentry_xxx/.vscode:/home/xxx/HUN_sentry_xxx/.vscode:/home/xxx/HUN_sentry_xxx/.trae:/home/xxx/HUN_sentry_xxx/.trae:/home/xxx/HUN_sentry_xxx/.git:/home/xxx/HUN_sentry_xxx/.git'), ('JOURNAL_STREAM', '8:33942'), ('_', '/usr/bin/colcon'), ('ROS_VERSION', '2'), ('XDG_SESSION_CLASS', 'user'), ('USERNAME', 'xxx'), ('TERM', 'xterm-256color'), ('GNOME_DESKTOP_SESSION_ID', 'this-is-deprecated'), ('TRAE_SANDBOX_LOG_DIR', '/home/xxx/.config/Trae CN/logs/20260529T111118/Modular'), ('FC_FONTATIONS', '1'), ('ROS_LOCALHOST_ONLY', '0'), ('HISTCONTROL', 'ignorespace'), ('WINDOWPATH', '2'), ('MVCAM_SDK_PATH', '/opt/MVS'), ('PATH', '/home/xxx/.trae-cn/tools/trae-gopls/current:/home/xxx/.trae-cn/sdks/workspaces/1193382c/versions/node/current:/home/xxx/.trae-cn/sdks/versions/node/current:/usr/local/cuda-12.4/bin:/home/xxx/nvidia_libs/TensorRT-8.4.2.4/bin:/opt/ros/humble/bin:/home/xxx/.local/bin:/usr/local/sbin:/usr/local/bin:/usr/sbin:/usr/bin:/sbin:/bin:/usr/games:/usr/local/games:/snap/bin:/snap/bin'), ('SESSION_MANAGER', 'local/xxx:@/tmp/.ICE-unix/2274,unix/xxx:/tmp/.ICE-unix/2274'), ('INVOCATION_ID', '0635d3669d874d1d81998d3ce24af996'), ('MVCAM_GENICAM_CLPROTOCOL', '/opt/MVS/lib/CLProtocol'), ('XDG_MENU_PREFIX', 'gnome-'), ('LC_ADDRESS', 'zh_CN.UTF-8'), ('XDG_RUNTIME_DIR', '/run/user/1000'), ('GDK_BACKEND', 'x11'), ('DISPLAY', ':1'), ('FILESYSTEM_CASE_SENSITIVE', 'true'), ('VSCODE_DEBUGPY_ADAPTER_ENDPOINTS', '/home/xxx/.trae-cn/extensions/ms-python.debugpy-2026.6.0-linux-x64/.noConfigDebugAdapterEndpoints/endpoint-54b2b4dd95f56e7e.txt'), ('LANG', 'zh_CN.UTF-8'), ('XDG_CURRENT_DESKTOP', 'ubuntu:GNOME'), ('PYTHONSTARTUP', '/home/xxx/.config/Trae CN/User/workspaceStorage/1193382c88a709bb2cc56e828d812075/ms-python.python/pythonrc.py'), ('LC_TELEPHONE', 'zh_CN.UTF-8'), ('TRAE_SANDBOX_CONFIG_NAME', '6a1446c480a3af9f3db86f84'), ('XMODIFIERS', '@im=fcitx'), ('TRAE_SANDBOX_DUMP_DIR', '/home/xxx/.config/Trae CN/Crashpad/sandbox-pending'), ('XDG_SESSION_DESKTOP', 'ubuntu'), ('XAUTHORITY', '/run/user/1000/gdm/Xauthority'), ('TRAE_BRAND_NAME', 'Trae CN'), ('LS_COLORS', 'rs=0:di=01;34:ln=01;36:mh=00:pi=40;33:so=01;35:do=01;35:bd=40;33;01:cd=40;33;01:or=40;31;01:mi=00:su=37;41:sg=30;43:ca=30;41:tw=30;42:ow=34;42:st=37;44:ex=01;32:*.tar=01;31:*.tgz=01;31:*.arc=01;31:*.arj=01;31:*.taz=01;31:*.lha=01;31:*.lz4=01;31:*.lzh=01;31:*.lzma=01;31:*.tlz=01;31:*.txz=01;31:*.tzo=01;31:*.t7z=01;31:*.zip=01;31:*.z=01;31:*.dz=01;31:*.gz=01;31:*.lrz=01;31:*.lz=01;31:*.lzo=01;31:*.xz=01;31:*.zst=01;31:*.tzst=01;31:*.bz2=01;31:*.bz=01;31:*.tbz=01;31:*.tbz2=01;31:*.tz=01;31:*.deb=01;31:*.rpm=01;31:*.jar=01;31:*.war=01;31:*.ear=01;31:*.sar=01;31:*.rar=01;31:*.alz=01;31:*.ace=01;31:*.zoo=01;31:*.cpio=01;31:*.7z=01;31:*.rz=01;31:*.cab=01;31:*.wim=01;31:*.swm=01;31:*.dwm=01;31:*.esd=01;31:*.jpg=01;35:*.jpeg=01;35:*.mjpg=01;35:*.mjpeg=01;35:*.gif=01;35:*.bmp=01;35:*.pbm=01;35:*.pgm=01;35:*.ppm=01;35:*.tga=01;35:*.xbm=01;35:*.xpm=01;35:*.tif=01;35:*.tiff=01;35:*.png=01;35:*.svg=01;35:*.svgz=01;35:*.mng=01;35:*.pcx=01;35:*.mov=01;35:*.mpg=01;35:*.mpeg=01;35:*.m2v=01;35:*.mkv=01;35:*.webm=01;35:*.webp=01;35:*.ogm=01;35:*.mp4=01;35:*.m4v=01;35:*.mp4v=01;35:*.vob=01;35:*.qt=01;35:*.nuv=01;35:*.wmv=01;35:*.asf=01;35:*.rm=01;35:*.rmvb=01;35:*.flc=01;35:*.avi=01;35:*.fli=01;35:*.flv=01;35:*.gl=01;35:*.dl=01;35:*.xcf=01;35:*.xwd=01;35:*.yuv=01;35:*.cgm=01;35:*.emf=01;35:*.ogv=01;35:*.ogx=01;35:*.aac=00;36:*.au=00;36:*.flac=00;36:*.m4a=00;36:*.mid=00;36:*.midi=00;36:*.mka=00;36:*.mp3=00;36:*.mpc=00;36:*.ogg=00;36:*.ra=00;36:*.wav=00;36:*.oga=00;36:*.opus=00;36:*.spx=00;36:*.xspf=00;36:'), ('VSCODE_GIT_IPC_HANDLE', '/run/user/1000/vscode-git-a9e8fd90e9.sock'), ('TERM_PROGRAM', 'vscode'), ('SSH_AGENT_LAUNCHER', 'gnome-keyring'), ('SSH_AUTH_SOCK', '/run/user/1000/keyring/ssh'), ('AMENT_PREFIX_PATH', '/home/xxx/HUN_sentry_xxx/pb2025_Nav/install/auto_aim_interfaces:/opt/ros/humble'), ('SHELL', '/bin/bash'), ('LC_NAME', 'zh_CN.UTF-8'), ('__trae_PS1', '\\n(TraeAI-4) \\w [$?] $'), ('QT_ACCESSIBILITY', '1'), ('GDMSESSION', 'ubuntu'), ('LESSCLOSE', '/usr/bin/lesspipe %s %s'), ('LC_MEASUREMENT', 'zh_CN.UTF-8'), ('TRAE_SANDBOX_TRACE_FILE', '/tmp/trae_sandbox_trace_3bb584d3-1bc2-43a7-8882-694a8f263c62.jsonl'), ('GPG_AGENT_INFO', '/run/user/1000/gnupg/S.gpg-agent:0:1'), ('GJS_DEBUG_OUTPUT', 'stderr'), ('LC_IDENTIFICATION', 'zh_CN.UTF-8'), ('VSCODE_GIT_ASKPASS_EXTRA_ARGS', ''), ('GIT_PAGER', ''), ('QT_IM_MODULE', 'fcitx'), ('PWD', '/home/xxx/HUN_sentry_xxx/pb2025_Nav/build/nav_bridge'), ('SAFE_RM_ALLOWED_PATH', '/home/xxx/HUN_sentry_xxx:/home/xxx/HUN_sentry_xxx:/home/xxx/.trae-cn/memory'), ('XDG_CONFIG_DIRS', '/etc/xdg/xdg-ubuntu:/etc/xdg'), ('TERM_PRODUCT', 'Trae'), ('CLUTTER_IM_MODULE', 'fcitx'), ('XDG_DATA_DIRS', '/usr/share/ubuntu:/usr/share/gnome:/usr/local/share/:/usr/share/:/var/lib/snapd/desktop'), ('PYTHONPATH', '/home/xxx/HUN_sentry_xxx/pb2025_Nav/install/auto_aim_interfaces/local/lib/python3.10/dist-packages:/opt/ros/humble/lib/python3.10/site-packages:/opt/ros/humble/local/lib/python3.10/dist-packages'), ('SAFE_RM_PROTECTION_FLAG', '/tmp/safe-rm-protection-flag-379acff7-1dfc-40ed-a93c-4ed71778d190'), ('LC_NUMERIC', 'zh_CN.UTF-8'), ('MVCAM_SDK_VERSION', ''), ('LC_PAPER', 'zh_CN.UTF-8'), ('COLCON', '1'), ('SAFE_RM_SOURCE_FLAG', '/tmp/safe-rm-source-flag-8f654204-6e11-48f7-9311-c980eda505b1'), ('MVCAM_COMMON_RUNENV', '/opt/MVS/lib'), ('CMAKE_PREFIX_PATH', '/home/xxx/HUN_sentry_xxx/pb2025_Nav/install/auto_aim_interfaces')]), 'shell': False}
[3.083466] (nav_bridge) StdoutLine: {'line': b'-- The C compiler identification is GNU 11.4.0\n'}
[3.102479] (-) TimerEvent: {}
[3.117660] (nav_bridge) StdoutLine: {'line': b'-- The CXX compiler identification is GNU 11.4.0\n'}
[3.122201] (nav_bridge) StdoutLine: {'line': b'-- Detecting C compiler ABI info\n'}
[3.168225] (nav_bridge) StdoutLine: {'line': b'-- Detecting C compiler ABI info - done\n'}
[3.171803] (nav_bridge) StdoutLine: {'line': b'-- Check for working C compiler: /usr/bin/cc - skipped\n'}
[3.171958] (nav_bridge) StdoutLine: {'line': b'-- Detecting C compile features\n'}
[3.172152] (nav_bridge) StdoutLine: {'line': b'-- Detecting C compile features - done\n'}
[3.173952] (nav_bridge) StdoutLine: {'line': b'-- Detecting CXX compiler ABI info\n'}
[3.202572] (-) TimerEvent: {}
[3.227605] (nav_bridge) StdoutLine: {'line': b'-- Detecting CXX compiler ABI info - done\n'}
[3.231321] (nav_bridge) StdoutLine: {'line': b'-- Check for working CXX compiler: /usr/bin/c++ - skipped\n'}
[3.231467] (nav_bridge) StdoutLine: {'line': b'-- Detecting CXX compile features\n'}
[3.231825] (nav_bridge) StdoutLine: {'line': b'-- Detecting CXX compile features - done\n'}
[3.233926] (nav_bridge) StdoutLine: {'line': b'-- Found ament_cmake: 1.3.14 (/opt/ros/humble/share/ament_cmake/cmake)\n'}
[3.302665] (-) TimerEvent: {}
[3.320163] (nav_bridge) StdoutLine: {'line': b'-- Found Python3: /usr/bin/python3 (found version "3.10.12") found components: Interpreter \n'}
[3.373216] (nav_bridge) StdoutLine: {'line': b'-- Found rclcpp: 16.0.19 (/opt/ros/humble/share/rclcpp/cmake)\n'}
[3.400795] (nav_bridge) StdoutLine: {'line': b'-- Found rosidl_generator_c: 3.1.8 (/opt/ros/humble/share/rosidl_generator_c/cmake)\n'}
[3.402733] (-) TimerEvent: {}
[3.403887] (nav_bridge) StdoutLine: {'line': b'-- Found rosidl_adapter: 3.1.8 (/opt/ros/humble/share/rosidl_adapter/cmake)\n'}
[3.408857] (nav_bridge) StdoutLine: {'line': b'-- Found rosidl_generator_cpp: 3.1.8 (/opt/ros/humble/share/rosidl_generator_cpp/cmake)\n'}
[3.415668] (nav_bridge) StdoutLine: {'line': b'-- Using all available rosidl_typesupport_c: rosidl_typesupport_fastrtps_c;rosidl_typesupport_introspection_c\n'}
[3.424830] (nav_bridge) StdoutLine: {'line': b'-- Using all available rosidl_typesupport_cpp: rosidl_typesupport_fastrtps_cpp;rosidl_typesupport_introspection_cpp\n'}
[3.456509] (nav_bridge) StdoutLine: {'line': b'-- Found rmw_implementation_cmake: 6.1.2 (/opt/ros/humble/share/rmw_implementation_cmake/cmake)\n'}
[3.458702] (nav_bridge) StdoutLine: {'line': b'-- Found rmw_fastrtps_cpp: 6.2.10 (/opt/ros/humble/share/rmw_fastrtps_cpp/cmake)\n'}
[3.502848] (-) TimerEvent: {}
[3.524020] (nav_bridge) StdoutLine: {'line': b'-- Found OpenSSL: /usr/lib/x86_64-linux-gnu/libcrypto.so (found version "3.0.2")  \n'}
[3.543814] (nav_bridge) StdoutLine: {'line': b'-- Found FastRTPS: /opt/ros/humble/include  \n'}
[3.575986] (nav_bridge) StdoutLine: {'line': b"-- Using RMW implementation 'rmw_fastrtps_cpp' as default\n"}
[3.583184] (nav_bridge) StdoutLine: {'line': b'-- Looking for pthread.h\n'}
[3.602964] (-) TimerEvent: {}
[3.635799] (nav_bridge) StdoutLine: {'line': b'-- Looking for pthread.h - found\n'}
[3.636058] (nav_bridge) StdoutLine: {'line': b'-- Performing Test CMAKE_HAVE_LIBC_PTHREAD\n'}
[3.686474] (nav_bridge) StdoutLine: {'line': b'-- Performing Test CMAKE_HAVE_LIBC_PTHREAD - Success\n'}
[3.687088] (nav_bridge) StdoutLine: {'line': b'-- Found Threads: TRUE  \n'}
[3.703035] (-) TimerEvent: {}
[3.721943] (nav_bridge) StdoutLine: {'line': b'-- Found geometry_msgs: 4.9.1 (/opt/ros/humble/share/geometry_msgs/cmake)\n'}
[3.729387] (nav_bridge) StdoutLine: {'line': b'-- Found sensor_msgs: 4.9.1 (/opt/ros/humble/share/sensor_msgs/cmake)\n'}
[3.741288] (nav_bridge) StdoutLine: {'line': b'-- Found example_interfaces: 0.9.3 (/opt/ros/humble/share/example_interfaces/cmake)\n'}
[3.767996] (nav_bridge) StdoutLine: {'line': b'-- Found auto_aim_interfaces: 0.0.0 (/home/xxx/HUN_sentry_xxx/pb2025_Nav/install/auto_aim_interfaces/share/auto_aim_interfaces/cmake)\n'}
[3.803124] (-) TimerEvent: {}
[3.804645] (nav_bridge) StderrLine: {'line': b"Error parsing '/home/xxx/HUN_sentry_xxx/pb2025_Nav/src/nav_bridge/package.xml':\n"}
[3.828503] (nav_bridge) StderrLine: {'line': b'Traceback (most recent call last):\n'}
[3.828642] (nav_bridge) StderrLine: {'line': b'  File "/opt/ros/humble/share/ament_cmake_core/cmake/core/package_xml_2_cmake.py", line 150, in <module>\n'}
[3.828682] (nav_bridge) StderrLine: {'line': b'    main()\n'}
[3.828714] (nav_bridge) StderrLine: {'line': b'  File "/opt/ros/humble/share/ament_cmake_core/cmake/core/package_xml_2_cmake.py", line 53, in main\n'}
[3.828744] (nav_bridge) StderrLine: {'line': b'    raise e\n'}
[3.828771] (nav_bridge) StderrLine: {'line': b'  File "/opt/ros/humble/share/ament_cmake_core/cmake/core/package_xml_2_cmake.py", line 49, in main\n'}
[3.828800] (nav_bridge) StderrLine: {'line': b'    package = parse_package_string(\n'}
[3.828832] (nav_bridge) StderrLine: {'line': b'  File "/usr/lib/python3/dist-packages/catkin_pkg/package.py", line 788, in parse_package_string\n'}
[3.830031] (nav_bridge) StderrLine: {'line': b'    pkg.validate(warnings=warnings)\n'}
[3.830068] (nav_bridge) StderrLine: {'line': b'  File "/usr/lib/python3/dist-packages/catkin_pkg/package.py", line 330, in validate\n'}
[3.830104] (nav_bridge) StderrLine: {'line': b"    raise InvalidPackage('\\n'.join(errors), self.filename)\n"}
[3.830131] (nav_bridge) StderrLine: {'line': b"catkin_pkg.package.InvalidPackage: Error(s) in package '/home/xxx/HUN_sentry_xxx/pb2025_Nav/src/nav_bridge/package.xml':\n"}
[3.830160] (nav_bridge) StderrLine: {'line': b'Invalid email "xxx@xxx" for person "xxx"\n'}
[3.837044] (nav_bridge) StderrLine: {'line': b'CMake Error at /opt/ros/humble/share/ament_cmake_core/cmake/core/ament_package_xml.cmake:95 (message):\n'}
[3.837127] (nav_bridge) StderrLine: {'line': b'  execute_process(/usr/bin/python3\n'}
[3.837245] (nav_bridge) StderrLine: {'line': b'  /opt/ros/humble/share/ament_cmake_core/cmake/core/package_xml_2_cmake.py\n'}
[3.837299] (nav_bridge) StderrLine: {'line': b'  /home/xxx/HUN_sentry_xxx/pb2025_Nav/src/nav_bridge/package.xml\n'}
[3.837347] (nav_bridge) StderrLine: {'line': b'  /home/xxx/HUN_sentry_xxx/pb2025_Nav/build/nav_bridge/ament_cmake_core/package.cmake)\n'}
[3.837388] (nav_bridge) StderrLine: {'line': b'  returned error code 1\n'}
[3.837429] (nav_bridge) StderrLine: {'line': b'Call Stack (most recent call first):\n'}
[3.837469] (nav_bridge) StderrLine: {'line': b'  /opt/ros/humble/share/ament_cmake_core/cmake/core/ament_package_xml.cmake:49 (_ament_package_xml)\n'}
[3.837507] (nav_bridge) StderrLine: {'line': b'  /opt/ros/humble/share/ament_cmake_core/cmake/core/ament_package.cmake:63 (ament_package_xml)\n'}
[3.837556] (nav_bridge) StderrLine: {'line': b'  CMakeLists.txt:28 (ament_package)\n'}
[3.837601] (nav_bridge) StderrLine: {'line': b'\n'}
[3.837642] (nav_bridge) StderrLine: {'line': b'\n'}
[3.837682] (nav_bridge) StdoutLine: {'line': b'-- Configuring incomplete, errors occurred!\n'}
[3.837724] (nav_bridge) StdoutLine: {'line': b'See also "/home/xxx/HUN_sentry_xxx/pb2025_Nav/build/nav_bridge/CMakeFiles/CMakeOutput.log".\n'}
[3.844424] (nav_bridge) CommandEnded: {'returncode': 1}
[3.844984] (nav_bridge) JobEnded: {'identifier': 'nav_bridge', 'rc': 1}
[3.855198] (-) EventReactorShutdown: {}
