[0.000000] (-) TimerEvent: {}
[0.000370] (-) JobUnselected: {'identifier': 'behaviortree_ros2'}
[0.000462] (-) JobUnselected: {'identifier': 'btcpp_ros2_interfaces'}
[0.000484] (-) JobUnselected: {'identifier': 'btcpp_ros2_samples'}
[0.000502] (-) JobUnselected: {'identifier': 'fake_vel_transform'}
[0.000522] (-) JobUnselected: {'identifier': 'hik_camera_ros2_driver'}
[0.000540] (-) JobUnselected: {'identifier': 'ign_sim_pointcloud_tool'}
[0.000557] (-) JobUnselected: {'identifier': 'joint_state_publisher'}
[0.000574] (-) JobUnselected: {'identifier': 'joint_state_publisher_gui'}
[0.000589] (-) JobUnselected: {'identifier': 'livox_ros_driver2'}
[0.000604] (-) JobUnselected: {'identifier': 'loam_interface'}
[0.000621] (-) JobUnselected: {'identifier': 'pb2025_nav_bringup'}
[0.000636] (-) JobUnselected: {'identifier': 'pb2025_robot_description'}
[0.000653] (-) JobUnselected: {'identifier': 'pb2025_sentry_behavior'}
[0.000668] (-) JobUnselected: {'identifier': 'pb2025_sentry_bringup'}
[0.000685] (-) JobUnselected: {'identifier': 'pb2025_sentry_nav'}
[0.000701] (-) JobUnselected: {'identifier': 'pb_nav2_plugins'}
[0.000717] (-) JobUnselected: {'identifier': 'pb_omni_pid_pursuit_controller'}
[0.000733] (-) JobUnselected: {'identifier': 'pb_rm_interfaces'}
[0.000748] (-) JobUnselected: {'identifier': 'pb_teleop_twist_joy'}
[0.000765] (-) JobUnselected: {'identifier': 'pcd2pgm'}
[0.000781] (-) JobUnselected: {'identifier': 'point_lio'}
[0.000796] (-) JobUnselected: {'identifier': 'pointcloud_to_laserscan'}
[0.000812] (-) JobUnselected: {'identifier': 'rmoss_base'}
[0.000829] (-) JobUnselected: {'identifier': 'rmoss_cam'}
[0.000843] (-) JobUnselected: {'identifier': 'rmoss_core'}
[0.000855] (-) JobUnselected: {'identifier': 'rmoss_gz_base'}
[0.000867] (-) JobUnselected: {'identifier': 'rmoss_gz_bridge'}
[0.000879] (-) JobUnselected: {'identifier': 'rmoss_gz_cam'}
[0.000891] (-) JobUnselected: {'identifier': 'rmoss_gz_plugins'}
[0.000902] (-) JobUnselected: {'identifier': 'rmoss_gz_resources'}
[0.000914] (-) JobUnselected: {'identifier': 'rmoss_interfaces'}
[0.000929] (-) JobUnselected: {'identifier': 'rmoss_projectile_motion'}
[0.000939] (-) JobUnselected: {'identifier': 'rmoss_util'}
[0.000951] (-) JobUnselected: {'identifier': 'rmu_gazebo_simulator'}
[0.000962] (-) JobUnselected: {'identifier': 'rosbag2_composable_recorder'}
[0.000975] (-) JobUnselected: {'identifier': 'sdformat_tools'}
[0.000987] (-) JobUnselected: {'identifier': 'sensor_scan_generation'}
[0.000999] (-) JobUnselected: {'identifier': 'small_gicp_relocalization'}
[0.001009] (-) JobUnselected: {'identifier': 'standard_robot_pp_ros2'}
[0.001028] (-) JobUnselected: {'identifier': 'teleop_gimbal_keyboard'}
[0.001063] (-) JobUnselected: {'identifier': 'terrain_analysis'}
[0.001076] (-) JobUnselected: {'identifier': 'terrain_analysis_ext'}
[0.001091] (auto_aim_interfaces) JobQueued: {'identifier': 'auto_aim_interfaces', 'dependencies': OrderedDict()}
[0.001107] (nav_bridge) JobQueued: {'identifier': 'nav_bridge', 'dependencies': OrderedDict([('auto_aim_interfaces', '/home/xxx/HUN_sentry_xxx/pb2025_Nav/install/auto_aim_interfaces')])}
[0.001123] (auto_aim_interfaces) JobStarted: {'identifier': 'auto_aim_interfaces'}
[0.005664] (auto_aim_interfaces) JobProgress: {'identifier': 'auto_aim_interfaces', 'progress': 'cmake'}
[0.006057] (auto_aim_interfaces) JobProgress: {'identifier': 'auto_aim_interfaces', 'progress': 'build'}
[0.006423] (auto_aim_interfaces) Command: {'cmd': ['/usr/bin/cmake', '--build', '/home/xxx/HUN_sentry_xxx/pb2025_Nav/build/auto_aim_interfaces', '--', '-j32', '-l32'], 'cwd': '/home/xxx/HUN_sentry_xxx/pb2025_Nav/build/auto_aim_interfaces', 'env': OrderedDict([('GJS_DEBUG_TOPICS', 'JS ERROR;JS LOG'), ('PYTHON_BASIC_REPL', '1'), ('LESSOPEN', '| /usr/bin/lesspipe %s'), ('MVS_PATH', '/opt/MVS'), ('AI_AGENT', 'TRAE'), ('LANGUAGE', 'zh_CN:zh:en_US:en'), ('TENSORRT_DIR', '/home/xxx/nvidia_libs/TensorRT-8.4.2.4'), ('USER', 'xxx'), ('LC_TIME', 'zh_CN.UTF-8'), ('XDG_SESSION_TYPE', 'x11'), ('ALLUSERSPROFILE', '/opt/MVS/MVFG'), ('GIT_ASKPASS', '/usr/share/trae-cn/resources/app/extensions/git/dist/askpass.sh'), ('SHLVL', '1'), ('LD_LIBRARY_PATH', '/usr/local/cuda-12.4/lib64:/opt/MVS/lib/64:/home/xxx/nvidia_libs/TensorRT-8.4.2.4/lib:/opt/MVS/lib/64:/opt/MVS/lib/32:/opt/ros/humble/opt/rviz_ogre_vendor/lib:/opt/ros/humble/lib/x86_64-linux-gnu:/opt/ros/humble/lib:/opt/MVS/lib/64:/opt/MVS/lib/32:/opt/MVS/lib/64:/opt/MVS/lib/32:'), ('HOME', '/home/xxx'), ('CHROME_DESKTOP', 'trae-cn.desktop'), ('OLDPWD', '/home/xxx/HUN_sentry_xxx/sk2026_xxx_version'), ('TERM_PROGRAM_VERSION', '1.107.1'), ('DESKTOP_SESSION', 'ubuntu'), ('GIO_LAUNCHED_DESKTOP_FILE', '/usr/share/applications/trae-cn.desktop'), ('TRAE_SANDBOX_CLI_PATH', '/usr/share/trae-cn/resources/app/modules/sandbox/trae-sandbox'), ('ROS_PYTHON_VERSION', '3'), ('GNOME_SHELL_SESSION_MODE', 'ubuntu'), ('GTK_MODULES', 'gail:atk-bridge'), ('PAGER', ''), ('VSCODE_GIT_ASKPASS_MAIN', '/usr/share/trae-cn/resources/app/extensions/git/dist/askpass-main.js'), ('LC_MONETARY', 'zh_CN.UTF-8'), ('VSCODE_GIT_ASKPASS_NODE', '/usr/share/trae-cn/trae-cn'), ('MANAGERPID', '2015'), ('TRAE_AI_SHELL_ID', '4'), ('TRAE_SANDBOX_SOURCE_FLAG_PATH', '/tmp/sandbox-source-flag-68af22aa-5130-4d14-ba29-aada38336179'), ('PYDEVD_DISABLE_FILE_VALIDATION', '1'), ('SYSTEMD_EXEC_PID', '2301'), ('BUNDLED_DEBUGPY_PATH', '/home/xxx/.trae-cn/extensions/ms-python.debugpy-2026.6.0-linux-x64/bundled/libs/debugpy'), ('VSCODE_PYTHON_AUTOACTIVATE_GUARD', '1'), ('DBUS_SESSION_BUS_ADDRESS', 'unix:path=/run/user/1000/bus'), ('COLORTERM', 'truecolor'), ('isArchMatched', '1'), ('GIO_LAUNCHED_DESKTOP_FILE_PID', '4522'), ('TRAE_JWT_TOKEN_PATH', '/home/xxx/.trae-cn/trae-jwt-token'), ('TRAE_SANDBOX_STORAGE_PATH', '/home/xxx/.config/Trae CN/ModularData/ai-agent/sandbox'), ('SAFE_RM_AUTO_ADD_TEMP', '1'), ('IM_CONFIG_PHASE', '1'), ('ROS_DISTRO', 'humble'), ('GTK_IM_MODULE', 'fcitx'), ('LOGNAME', 'xxx'), ('SAFE_RM_DENIED_PATH', '/home/xxx/HUN_sentry_xxx/.vscode:/home/xxx/HUN_sentry_xxx/.vscode:/home/xxx/HUN_sentry_xxx/.trae:/home/xxx/HUN_sentry_xxx/.trae:/home/xxx/HUN_sentry_xxx/.git:/home/xxx/HUN_sentry_xxx/.git'), ('JOURNAL_STREAM', '8:33942'), ('_', '/usr/bin/colcon'), ('ROS_VERSION', '2'), ('XDG_SESSION_CLASS', 'user'), ('USERNAME', 'xxx'), ('TERM', 'xterm-256color'), ('GNOME_DESKTOP_SESSION_ID', 'this-is-deprecated'), ('TRAE_SANDBOX_LOG_DIR', '/home/xxx/.config/Trae CN/logs/20260529T111118/Modular'), ('FC_FONTATIONS', '1'), ('ROS_LOCALHOST_ONLY', '0'), ('HISTCONTROL', 'ignorespace'), ('WINDOWPATH', '2'), ('MVCAM_SDK_PATH', '/opt/MVS'), ('PATH', '/home/xxx/.trae-cn/tools/trae-gopls/current:/home/xxx/.trae-cn/sdks/workspaces/1193382c/versions/node/current:/home/xxx/.trae-cn/sdks/versions/node/current:/usr/local/cuda-12.4/bin:/home/xxx/nvidia_libs/TensorRT-8.4.2.4/bin:/opt/ros/humble/bin:/home/xxx/.local/bin:/usr/local/sbin:/usr/local/bin:/usr/sbin:/usr/bin:/sbin:/bin:/usr/games:/usr/local/games:/snap/bin:/snap/bin'), ('SESSION_MANAGER', 'local/xxx:@/tmp/.ICE-unix/2274,unix/xxx:/tmp/.ICE-unix/2274'), ('INVOCATION_ID', '0635d3669d874d1d81998d3ce24af996'), ('MVCAM_GENICAM_CLPROTOCOL', '/opt/MVS/lib/CLProtocol'), ('XDG_MENU_PREFIX', 'gnome-'), ('LC_ADDRESS', 'zh_CN.UTF-8'), ('XDG_RUNTIME_DIR', '/run/user/1000'), ('GDK_BACKEND', 'x11'), ('DISPLAY', ':1'), ('FILESYSTEM_CASE_SENSITIVE', 'true'), ('VSCODE_DEBUGPY_ADAPTER_ENDPOINTS', '/home/xxx/.trae-cn/extensions/ms-python.debugpy-2026.6.0-linux-x64/.noConfigDebugAdapterEndpoints/endpoint-54b2b4dd95f56e7e.txt'), ('LANG', 'zh_CN.UTF-8'), ('XDG_CURRENT_DESKTOP', 'ubuntu:GNOME'), ('PYTHONSTARTUP', '/home/xxx/.config/Trae CN/User/workspaceStorage/1193382c88a709bb2cc56e828d812075/ms-python.python/pythonrc.py'), ('LC_TELEPHONE', 'zh_CN.UTF-8'), ('TRAE_SANDBOX_CONFIG_NAME', '6a1446c480a3af9f3db86f84'), ('XMODIFIERS', '@im=fcitx'), ('TRAE_SANDBOX_DUMP_DIR', '/home/xxx/.config/Trae CN/Crashpad/sandbox-pending'), ('XDG_SESSION_DESKTOP', 'ubuntu'), ('XAUTHORITY', '/run/user/1000/gdm/Xauthority'), ('TRAE_BRAND_NAME', 'Trae CN'), ('LS_COLORS', 'rs=0:di=01;34:ln=01;36:mh=00:pi=40;33:so=01;35:do=01;35:bd=40;33;01:cd=40;33;01:or=40;31;01:mi=00:su=37;41:sg=30;43:ca=30;41:tw=30;42:ow=34;42:st=37;44:ex=01;32:*.tar=01;31:*.tgz=01;31:*.arc=01;31:*.arj=01;31:*.taz=01;31:*.lha=01;31:*.lz4=01;31:*.lzh=01;31:*.lzma=01;31:*.tlz=01;31:*.txz=01;31:*.tzo=01;31:*.t7z=01;31:*.zip=01;31:*.z=01;31:*.dz=01;31:*.gz=01;31:*.lrz=01;31:*.lz=01;31:*.lzo=01;31:*.xz=01;31:*.zst=01;31:*.tzst=01;31:*.bz2=01;31:*.bz=01;31:*.tbz=01;31:*.tbz2=01;31:*.tz=01;31:*.deb=01;31:*.rpm=01;31:*.jar=01;31:*.war=01;31:*.ear=01;31:*.sar=01;31:*.rar=01;31:*.alz=01;31:*.ace=01;31:*.zoo=01;31:*.cpio=01;31:*.7z=01;31:*.rz=01;31:*.cab=01;31:*.wim=01;31:*.swm=01;31:*.dwm=01;31:*.esd=01;31:*.jpg=01;35:*.jpeg=01;35:*.mjpg=01;35:*.mjpeg=01;35:*.gif=01;35:*.bmp=01;35:*.pbm=01;35:*.pgm=01;35:*.ppm=01;35:*.tga=01;35:*.xbm=01;35:*.xpm=01;35:*.tif=01;35:*.tiff=01;35:*.png=01;35:*.svg=01;35:*.svgz=01;35:*.mng=01;35:*.pcx=01;35:*.mov=01;35:*.mpg=01;35:*.mpeg=01;35:*.m2v=01;35:*.mkv=01;35:*.webm=01;35:*.webp=01;35:*.ogm=01;35:*.mp4=01;35:*.m4v=01;35:*.mp4v=01;35:*.vob=01;35:*.qt=01;35:*.nuv=01;35:*.wmv=01;35:*.asf=01;35:*.rm=01;35:*.rmvb=01;35:*.flc=01;35:*.avi=01;35:*.fli=01;35:*.flv=01;35:*.gl=01;35:*.dl=01;35:*.xcf=01;35:*.xwd=01;35:*.yuv=01;35:*.cgm=01;35:*.emf=01;35:*.ogv=01;35:*.ogx=01;35:*.aac=00;36:*.au=00;36:*.flac=00;36:*.m4a=00;36:*.mid=00;36:*.midi=00;36:*.mka=00;36:*.mp3=00;36:*.mpc=00;36:*.ogg=00;36:*.ra=00;36:*.wav=00;36:*.oga=00;36:*.opus=00;36:*.spx=00;36:*.xspf=00;36:'), ('VSCODE_GIT_IPC_HANDLE', '/run/user/1000/vscode-git-a9e8fd90e9.sock'), ('TERM_PROGRAM', 'vscode'), ('SSH_AGENT_LAUNCHER', 'gnome-keyring'), ('SSH_AUTH_SOCK', '/run/user/1000/keyring/ssh'), ('AMENT_PREFIX_PATH', '/opt/ros/humble'), ('SHELL', '/bin/bash'), ('LC_NAME', 'zh_CN.UTF-8'), ('__trae_PS1', '\\n(TraeAI-4) \\w [$?] $'), ('QT_ACCESSIBILITY', '1'), ('GDMSESSION', 'ubuntu'), ('LESSCLOSE', '/usr/bin/lesspipe %s %s'), ('LC_MEASUREMENT', 'zh_CN.UTF-8'), ('TRAE_SANDBOX_TRACE_FILE', '/tmp/trae_sandbox_trace_3bb584d3-1bc2-43a7-8882-694a8f263c62.jsonl'), ('GPG_AGENT_INFO', '/run/user/1000/gnupg/S.gpg-agent:0:1'), ('GJS_DEBUG_OUTPUT', 'stderr'), ('LC_IDENTIFICATION', 'zh_CN.UTF-8'), ('VSCODE_GIT_ASKPASS_EXTRA_ARGS', ''), ('GIT_PAGER', ''), ('QT_IM_MODULE', 'fcitx'), ('PWD', '/home/xxx/HUN_sentry_xxx/pb2025_Nav/build/auto_aim_interfaces'), ('SAFE_RM_ALLOWED_PATH', '/home/xxx/HUN_sentry_xxx:/home/xxx/HUN_sentry_xxx:/home/xxx/.trae-cn/memory'), ('XDG_CONFIG_DIRS', '/etc/xdg/xdg-ubuntu:/etc/xdg'), ('TERM_PRODUCT', 'Trae'), ('CLUTTER_IM_MODULE', 'fcitx'), ('XDG_DATA_DIRS', '/usr/share/ubuntu:/usr/share/gnome:/usr/local/share/:/usr/share/:/var/lib/snapd/desktop'), ('PYTHONPATH', '/opt/ros/humble/lib/python3.10/site-packages:/opt/ros/humble/local/lib/python3.10/dist-packages'), ('SAFE_RM_PROTECTION_FLAG', '/tmp/safe-rm-protection-flag-379acff7-1dfc-40ed-a93c-4ed71778d190'), ('LC_NUMERIC', 'zh_CN.UTF-8'), ('MVCAM_SDK_VERSION', ''), ('LC_PAPER', 'zh_CN.UTF-8'), ('COLCON', '1'), ('SAFE_RM_SOURCE_FLAG', '/tmp/safe-rm-source-flag-8f654204-6e11-48f7-9311-c980eda505b1'), ('MVCAM_COMMON_RUNENV', '/opt/MVS/lib'), ('CMAKE_PREFIX_PATH', '/opt/ros/humble')]), 'shell': False}
[0.038925] (auto_aim_interfaces) StdoutLine: {'line': b'Consolidate compiler generated dependencies of target auto_aim_interfaces__rosidl_generator_c\n'}
[0.044859] (auto_aim_interfaces) StdoutLine: {'line': b'[  2%] Built target auto_aim_interfaces__cpp\n'}
[0.044942] (auto_aim_interfaces) StdoutLine: {'line': b'[  2%] Built target auto_aim_interfaces__rs\n'}
[0.047311] (auto_aim_interfaces) StdoutLine: {'line': b'[ 13%] Built target auto_aim_interfaces__rosidl_generator_c\n'}
[0.051732] (auto_aim_interfaces) StdoutLine: {'line': b'[ 13%] Built target ament_cmake_python_copy_auto_aim_interfaces\n'}
[0.056355] (auto_aim_interfaces) StdoutLine: {'line': b'Consolidate compiler generated dependencies of target auto_aim_interfaces__rosidl_typesupport_c\n'}
[0.057620] (auto_aim_interfaces) StdoutLine: {'line': b'Consolidate compiler generated dependencies of target auto_aim_interfaces__rosidl_typesupport_introspection_c\n'}
[0.057962] (auto_aim_interfaces) StdoutLine: {'line': b'Consolidate compiler generated dependencies of target auto_aim_interfaces__rosidl_typesupport_cpp\n'}
[0.058400] (auto_aim_interfaces) StdoutLine: {'line': b'Consolidate compiler generated dependencies of target auto_aim_interfaces__rosidl_typesupport_introspection_cpp\n'}
[0.058937] (auto_aim_interfaces) StdoutLine: {'line': b'Consolidate compiler generated dependencies of target auto_aim_interfaces__rosidl_typesupport_fastrtps_cpp\n'}
[0.060396] (auto_aim_interfaces) StdoutLine: {'line': b'Consolidate compiler generated dependencies of target auto_aim_interfaces__rosidl_typesupport_fastrtps_c\n'}
[0.064641] (auto_aim_interfaces) StdoutLine: {'line': b'[ 25%] Built target auto_aim_interfaces__rosidl_typesupport_c\n'}
[0.066304] (auto_aim_interfaces) StdoutLine: {'line': b'[ 36%] Built target auto_aim_interfaces__rosidl_typesupport_introspection_c\n'}
[0.066837] (auto_aim_interfaces) StdoutLine: {'line': b'[ 47%] Built target auto_aim_interfaces__rosidl_typesupport_cpp\n'}
[0.067311] (auto_aim_interfaces) StdoutLine: {'line': b'[ 59%] Built target auto_aim_interfaces__rosidl_typesupport_introspection_cpp\n'}
[0.068542] (auto_aim_interfaces) StdoutLine: {'line': b'[ 70%] Built target auto_aim_interfaces__rosidl_typesupport_fastrtps_cpp\n'}
[0.069454] (auto_aim_interfaces) StdoutLine: {'line': b'[ 81%] Built target auto_aim_interfaces__rosidl_typesupport_fastrtps_c\n'}
[0.083452] (auto_aim_interfaces) StdoutLine: {'line': b'[ 81%] Built target auto_aim_interfaces\n'}
[0.098917] (auto_aim_interfaces) StdoutLine: {'line': b'[ 82%] Built target auto_aim_interfaces__py\n'}
[0.099766] (-) TimerEvent: {}
[0.111630] (auto_aim_interfaces) StdoutLine: {'line': b'Consolidate compiler generated dependencies of target auto_aim_interfaces__rosidl_generator_py\n'}
[0.120543] (auto_aim_interfaces) StdoutLine: {'line': b'[ 93%] Built target auto_aim_interfaces__rosidl_generator_py\n'}
[0.129535] (auto_aim_interfaces) StdoutLine: {'line': b'Consolidate compiler generated dependencies of target auto_aim_interfaces__rosidl_typesupport_introspection_c__pyext\n'}
[0.130566] (auto_aim_interfaces) StdoutLine: {'line': b'Consolidate compiler generated dependencies of target auto_aim_interfaces__rosidl_typesupport_fastrtps_c__pyext\n'}
[0.130637] (auto_aim_interfaces) StdoutLine: {'line': b'Consolidate compiler generated dependencies of target auto_aim_interfaces__rosidl_typesupport_c__pyext\n'}
[0.137916] (auto_aim_interfaces) StdoutLine: {'line': b'[ 95%] Built target auto_aim_interfaces__rosidl_typesupport_introspection_c__pyext\n'}
[0.138422] (auto_aim_interfaces) StdoutLine: {'line': b'[ 97%] Built target auto_aim_interfaces__rosidl_typesupport_fastrtps_c__pyext\n'}
[0.138530] (auto_aim_interfaces) StdoutLine: {'line': b'[100%] Built target auto_aim_interfaces__rosidl_typesupport_c__pyext\n'}
[0.180238] (auto_aim_interfaces) StdoutLine: {'line': b'running egg_info\n'}
[0.180490] (auto_aim_interfaces) StdoutLine: {'line': b'writing auto_aim_interfaces.egg-info/PKG-INFO\n'}
[0.180612] (auto_aim_interfaces) StdoutLine: {'line': b'writing dependency_links to auto_aim_interfaces.egg-info/dependency_links.txt\n'}
[0.180703] (auto_aim_interfaces) StdoutLine: {'line': b'writing top-level names to auto_aim_interfaces.egg-info/top_level.txt\n'}
[0.181869] (auto_aim_interfaces) StdoutLine: {'line': b"reading manifest file 'auto_aim_interfaces.egg-info/SOURCES.txt'\n"}
[0.182178] (auto_aim_interfaces) StdoutLine: {'line': b"writing manifest file 'auto_aim_interfaces.egg-info/SOURCES.txt'\n"}
[0.197947] (auto_aim_interfaces) StdoutLine: {'line': b'[100%] Built target ament_cmake_python_build_auto_aim_interfaces_egg\n'}
[0.199842] (-) TimerEvent: {}
[0.206861] (auto_aim_interfaces) CommandEnded: {'returncode': 0}
[0.207404] (auto_aim_interfaces) JobProgress: {'identifier': 'auto_aim_interfaces', 'progress': 'install'}
[0.213517] (auto_aim_interfaces) Command: {'cmd': ['/usr/bin/cmake', '--install', '/home/xxx/HUN_sentry_xxx/pb2025_Nav/build/auto_aim_interfaces'], 'cwd': '/home/xxx/HUN_sentry_xxx/pb2025_Nav/build/auto_aim_interfaces', 'env': OrderedDict([('GJS_DEBUG_TOPICS', 'JS ERROR;JS LOG'), ('PYTHON_BASIC_REPL', '1'), ('LESSOPEN', '| /usr/bin/lesspipe %s'), ('MVS_PATH', '/opt/MVS'), ('AI_AGENT', 'TRAE'), ('LANGUAGE', 'zh_CN:zh:en_US:en'), ('TENSORRT_DIR', '/home/xxx/nvidia_libs/TensorRT-8.4.2.4'), ('USER', 'xxx'), ('LC_TIME', 'zh_CN.UTF-8'), ('XDG_SESSION_TYPE', 'x11'), ('ALLUSERSPROFILE', '/opt/MVS/MVFG'), ('GIT_ASKPASS', '/usr/share/trae-cn/resources/app/extensions/git/dist/askpass.sh'), ('SHLVL', '1'), ('LD_LIBRARY_PATH', '/usr/local/cuda-12.4/lib64:/opt/MVS/lib/64:/home/xxx/nvidia_libs/TensorRT-8.4.2.4/lib:/opt/MVS/lib/64:/opt/MVS/lib/32:/opt/ros/humble/opt/rviz_ogre_vendor/lib:/opt/ros/humble/lib/x86_64-linux-gnu:/opt/ros/humble/lib:/opt/MVS/lib/64:/opt/MVS/lib/32:/opt/MVS/lib/64:/opt/MVS/lib/32:'), ('HOME', '/home/xxx'), ('CHROME_DESKTOP', 'trae-cn.desktop'), ('OLDPWD', '/home/xxx/HUN_sentry_xxx/sk2026_xxx_version'), ('TERM_PROGRAM_VERSION', '1.107.1'), ('DESKTOP_SESSION', 'ubuntu'), ('GIO_LAUNCHED_DESKTOP_FILE', '/usr/share/applications/trae-cn.desktop'), ('TRAE_SANDBOX_CLI_PATH', '/usr/share/trae-cn/resources/app/modules/sandbox/trae-sandbox'), ('ROS_PYTHON_VERSION', '3'), ('GNOME_SHELL_SESSION_MODE', 'ubuntu'), ('GTK_MODULES', 'gail:atk-bridge'), ('PAGER', ''), ('VSCODE_GIT_ASKPASS_MAIN', '/usr/share/trae-cn/resources/app/extensions/git/dist/askpass-main.js'), ('LC_MONETARY', 'zh_CN.UTF-8'), ('VSCODE_GIT_ASKPASS_NODE', '/usr/share/trae-cn/trae-cn'), ('MANAGERPID', '2015'), ('TRAE_AI_SHELL_ID', '4'), ('TRAE_SANDBOX_SOURCE_FLAG_PATH', '/tmp/sandbox-source-flag-68af22aa-5130-4d14-ba29-aada38336179'), ('PYDEVD_DISABLE_FILE_VALIDATION', '1'), ('SYSTEMD_EXEC_PID', '2301'), ('BUNDLED_DEBUGPY_PATH', '/home/xxx/.trae-cn/extensions/ms-python.debugpy-2026.6.0-linux-x64/bundled/libs/debugpy'), ('VSCODE_PYTHON_AUTOACTIVATE_GUARD', '1'), ('DBUS_SESSION_BUS_ADDRESS', 'unix:path=/run/user/1000/bus'), ('COLORTERM', 'truecolor'), ('isArchMatched', '1'), ('GIO_LAUNCHED_DESKTOP_FILE_PID', '4522'), ('TRAE_JWT_TOKEN_PATH', '/home/xxx/.trae-cn/trae-jwt-token'), ('TRAE_SANDBOX_STORAGE_PATH', '/home/xxx/.config/Trae CN/ModularData/ai-agent/sandbox'), ('SAFE_RM_AUTO_ADD_TEMP', '1'), ('IM_CONFIG_PHASE', '1'), ('ROS_DISTRO', 'humble'), ('GTK_IM_MODULE', 'fcitx'), ('LOGNAME', 'xxx'), ('SAFE_RM_DENIED_PATH', '/home/xxx/HUN_sentry_xxx/.vscode:/home/xxx/HUN_sentry_xxx/.vscode:/home/xxx/HUN_sentry_xxx/.trae:/home/xxx/HUN_sentry_xxx/.trae:/home/xxx/HUN_sentry_xxx/.git:/home/xxx/HUN_sentry_xxx/.git'), ('JOURNAL_STREAM', '8:33942'), ('_', '/usr/bin/colcon'), ('ROS_VERSION', '2'), ('XDG_SESSION_CLASS', 'user'), ('USERNAME', 'xxx'), ('TERM', 'xterm-256color'), ('GNOME_DESKTOP_SESSION_ID', 'this-is-deprecated'), ('TRAE_SANDBOX_LOG_DIR', '/home/xxx/.config/Trae CN/logs/20260529T111118/Modular'), ('FC_FONTATIONS', '1'), ('ROS_LOCALHOST_ONLY', '0'), ('HISTCONTROL', 'ignorespace'), ('WINDOWPATH', '2'), ('MVCAM_SDK_PATH', '/opt/MVS'), ('PATH', '/home/xxx/.trae-cn/tools/trae-gopls/current:/home/xxx/.trae-cn/sdks/workspaces/1193382c/versions/node/current:/home/xxx/.trae-cn/sdks/versions/node/current:/usr/local/cuda-12.4/bin:/home/xxx/nvidia_libs/TensorRT-8.4.2.4/bin:/opt/ros/humble/bin:/home/xxx/.local/bin:/usr/local/sbin:/usr/local/bin:/usr/sbin:/usr/bin:/sbin:/bin:/usr/games:/usr/local/games:/snap/bin:/snap/bin'), ('SESSION_MANAGER', 'local/xxx:@/tmp/.ICE-unix/2274,unix/xxx:/tmp/.ICE-unix/2274'), ('INVOCATION_ID', '0635d3669d874d1d81998d3ce24af996'), ('MVCAM_GENICAM_CLPROTOCOL', '/opt/MVS/lib/CLProtocol'), ('XDG_MENU_PREFIX', 'gnome-'), ('LC_ADDRESS', 'zh_CN.UTF-8'), ('XDG_RUNTIME_DIR', '/run/user/1000'), ('GDK_BACKEND', 'x11'), ('DISPLAY', ':1'), ('FILESYSTEM_CASE_SENSITIVE', 'true'), ('VSCODE_DEBUGPY_ADAPTER_ENDPOINTS', '/home/xxx/.trae-cn/extensions/ms-python.debugpy-2026.6.0-linux-x64/.noConfigDebugAdapterEndpoints/endpoint-54b2b4dd95f56e7e.txt'), ('LANG', 'zh_CN.UTF-8'), ('XDG_CURRENT_DESKTOP', 'ubuntu:GNOME'), ('PYTHONSTARTUP', '/home/xxx/.config/Trae CN/User/workspaceStorage/1193382c88a709bb2cc56e828d812075/ms-python.python/pythonrc.py'), ('LC_TELEPHONE', 'zh_CN.UTF-8'), ('TRAE_SANDBOX_CONFIG_NAME', '6a1446c480a3af9f3db86f84'), ('XMODIFIERS', '@im=fcitx'), ('TRAE_SANDBOX_DUMP_DIR', '/home/xxx/.config/Trae CN/Crashpad/sandbox-pending'), ('XDG_SESSION_DESKTOP', 'ubuntu'), ('XAUTHORITY', '/run/user/1000/gdm/Xauthority'), ('TRAE_BRAND_NAME', 'Trae CN'), ('LS_COLORS', 'rs=0:di=01;34:ln=01;36:mh=00:pi=40;33:so=01;35:do=01;35:bd=40;33;01:cd=40;33;01:or=40;31;01:mi=00:su=37;41:sg=30;43:ca=30;41:tw=30;42:ow=34;42:st=37;44:ex=01;32:*.tar=01;31:*.tgz=01;31:*.arc=01;31:*.arj=01;31:*.taz=01;31:*.lha=01;31:*.lz4=01;31:*.lzh=01;31:*.lzma=01;31:*.tlz=01;31:*.txz=01;31:*.tzo=01;31:*.t7z=01;31:*.zip=01;31:*.z=01;31:*.dz=01;31:*.gz=01;31:*.lrz=01;31:*.lz=01;31:*.lzo=01;31:*.xz=01;31:*.zst=01;31:*.tzst=01;31:*.bz2=01;31:*.bz=01;31:*.tbz=01;31:*.tbz2=01;31:*.tz=01;31:*.deb=01;31:*.rpm=01;31:*.jar=01;31:*.war=01;31:*.ear=01;31:*.sar=01;31:*.rar=01;31:*.alz=01;31:*.ace=01;31:*.zoo=01;31:*.cpio=01;31:*.7z=01;31:*.rz=01;31:*.cab=01;31:*.wim=01;31:*.swm=01;31:*.dwm=01;31:*.esd=01;31:*.jpg=01;35:*.jpeg=01;35:*.mjpg=01;35:*.mjpeg=01;35:*.gif=01;35:*.bmp=01;35:*.pbm=01;35:*.pgm=01;35:*.ppm=01;35:*.tga=01;35:*.xbm=01;35:*.xpm=01;35:*.tif=01;35:*.tiff=01;35:*.png=01;35:*.svg=01;35:*.svgz=01;35:*.mng=01;35:*.pcx=01;35:*.mov=01;35:*.mpg=01;35:*.mpeg=01;35:*.m2v=01;35:*.mkv=01;35:*.webm=01;35:*.webp=01;35:*.ogm=01;35:*.mp4=01;35:*.m4v=01;35:*.mp4v=01;35:*.vob=01;35:*.qt=01;35:*.nuv=01;35:*.wmv=01;35:*.asf=01;35:*.rm=01;35:*.rmvb=01;35:*.flc=01;35:*.avi=01;35:*.fli=01;35:*.flv=01;35:*.gl=01;35:*.dl=01;35:*.xcf=01;35:*.xwd=01;35:*.yuv=01;35:*.cgm=01;35:*.emf=01;35:*.ogv=01;35:*.ogx=01;35:*.aac=00;36:*.au=00;36:*.flac=00;36:*.m4a=00;36:*.mid=00;36:*.midi=00;36:*.mka=00;36:*.mp3=00;36:*.mpc=00;36:*.ogg=00;36:*.ra=00;36:*.wav=00;36:*.oga=00;36:*.opus=00;36:*.spx=00;36:*.xspf=00;36:'), ('VSCODE_GIT_IPC_HANDLE', '/run/user/1000/vscode-git-a9e8fd90e9.sock'), ('TERM_PROGRAM', 'vscode'), ('SSH_AGENT_LAUNCHER', 'gnome-keyring'), ('SSH_AUTH_SOCK', '/run/user/1000/keyring/ssh'), ('AMENT_PREFIX_PATH', '/opt/ros/humble'), ('SHELL', '/bin/bash'), ('LC_NAME', 'zh_CN.UTF-8'), ('__trae_PS1', '\\n(TraeAI-4) \\w [$?] $'), ('QT_ACCESSIBILITY', '1'), ('GDMSESSION', 'ubuntu'), ('LESSCLOSE', '/usr/bin/lesspipe %s %s'), ('LC_MEASUREMENT', 'zh_CN.UTF-8'), ('TRAE_SANDBOX_TRACE_FILE', '/tmp/trae_sandbox_trace_3bb584d3-1bc2-43a7-8882-694a8f263c62.jsonl'), ('GPG_AGENT_INFO', '/run/user/1000/gnupg/S.gpg-agent:0:1'), ('GJS_DEBUG_OUTPUT', 'stderr'), ('LC_IDENTIFICATION', 'zh_CN.UTF-8'), ('VSCODE_GIT_ASKPASS_EXTRA_ARGS', ''), ('GIT_PAGER', ''), ('QT_IM_MODULE', 'fcitx'), ('PWD', '/home/xxx/HUN_sentry_xxx/pb2025_Nav/build/auto_aim_interfaces'), ('SAFE_RM_ALLOWED_PATH', '/home/xxx/HUN_sentry_xxx:/home/xxx/HUN_sentry_xxx:/home/xxx/.trae-cn/memory'), ('XDG_CONFIG_DIRS', '/etc/xdg/xdg-ubuntu:/etc/xdg'), ('TERM_PRODUCT', 'Trae'), ('CLUTTER_IM_MODULE', 'fcitx'), ('XDG_DATA_DIRS', '/usr/share/ubuntu:/usr/share/gnome:/usr/local/share/:/usr/share/:/var/lib/snapd/desktop'), ('PYTHONPATH', '/opt/ros/humble/lib/python3.10/site-packages:/opt/ros/humble/local/lib/python3.10/dist-packages'), ('SAFE_RM_PROTECTION_FLAG', '/tmp/safe-rm-protection-flag-379acff7-1dfc-40ed-a93c-4ed71778d190'), ('LC_NUMERIC', 'zh_CN.UTF-8'), ('MVCAM_SDK_VERSION', ''), ('LC_PAPER', 'zh_CN.UTF-8'), ('COLCON', '1'), ('SAFE_RM_SOURCE_FLAG', '/tmp/safe-rm-source-flag-8f654204-6e11-48f7-9311-c980eda505b1'), ('MVCAM_COMMON_RUNENV', '/opt/MVS/lib'), ('CMAKE_PREFIX_PATH', '/opt/ros/humble')]), 'shell': False}
[0.218849] (auto_aim_interfaces) StdoutLine: {'line': b'-- Install configuration: ""\n'}
[0.219021] (auto_aim_interfaces) StdoutLine: {'line': b'-- Up-to-date: /home/xxx/HUN_sentry_xxx/pb2025_Nav/install/auto_aim_interfaces/share/ament_index/resource_index/rosidl_interfaces/auto_aim_interfaces\n'}
[0.219204] (auto_aim_interfaces) StdoutLine: {'line': b'-- Up-to-date: /home/xxx/HUN_sentry_xxx/pb2025_Nav/install/auto_aim_interfaces/include/auto_aim_interfaces/auto_aim_interfaces\n'}
[0.219299] (auto_aim_interfaces) StdoutLine: {'line': b'-- Up-to-date: /home/xxx/HUN_sentry_xxx/pb2025_Nav/install/auto_aim_interfaces/include/auto_aim_interfaces/auto_aim_interfaces/msg\n'}
[0.219473] (auto_aim_interfaces) StdoutLine: {'line': b'-- Up-to-date: /home/xxx/HUN_sentry_xxx/pb2025_Nav/install/auto_aim_interfaces/include/auto_aim_interfaces/auto_aim_interfaces/msg/armor.h\n'}
[0.219533] (auto_aim_interfaces) StdoutLine: {'line': b'-- Up-to-date: /home/xxx/HUN_sentry_xxx/pb2025_Nav/install/auto_aim_interfaces/include/auto_aim_interfaces/auto_aim_interfaces/msg/debug_lights.h\n'}
[0.219586] (auto_aim_interfaces) StdoutLine: {'line': b'-- Up-to-date: /home/xxx/HUN_sentry_xxx/pb2025_Nav/install/auto_aim_interfaces/include/auto_aim_interfaces/auto_aim_interfaces/msg/rosidl_generator_c__visibility_control.h\n'}
[0.219713] (auto_aim_interfaces) StdoutLine: {'line': b'-- Up-to-date: /home/xxx/HUN_sentry_xxx/pb2025_Nav/install/auto_aim_interfaces/include/auto_aim_interfaces/auto_aim_interfaces/msg/debug_armor.h\n'}
[0.219746] (auto_aim_interfaces) StdoutLine: {'line': b'-- Up-to-date: /home/xxx/HUN_sentry_xxx/pb2025_Nav/install/auto_aim_interfaces/include/auto_aim_interfaces/auto_aim_interfaces/msg/detail\n'}
[0.219776] (auto_aim_interfaces) StdoutLine: {'line': b'-- Up-to-date: /home/xxx/HUN_sentry_xxx/pb2025_Nav/install/auto_aim_interfaces/include/auto_aim_interfaces/auto_aim_interfaces/msg/detail/armors__type_support.h\n'}
[0.219807] (auto_aim_interfaces) StdoutLine: {'line': b'-- Up-to-date: /home/xxx/HUN_sentry_xxx/pb2025_Nav/install/auto_aim_interfaces/include/auto_aim_interfaces/auto_aim_interfaces/msg/detail/debug_armors__struct.h\n'}
[0.219856] (auto_aim_interfaces) StdoutLine: {'line': b'-- Up-to-date: /home/xxx/HUN_sentry_xxx/pb2025_Nav/install/auto_aim_interfaces/include/auto_aim_interfaces/auto_aim_interfaces/msg/detail/debug_armors__functions.c\n'}
[0.219910] (auto_aim_interfaces) StdoutLine: {'line': b'-- Up-to-date: /home/xxx/HUN_sentry_xxx/pb2025_Nav/install/auto_aim_interfaces/include/auto_aim_interfaces/auto_aim_interfaces/msg/detail/armors__functions.h\n'}
[0.219940] (auto_aim_interfaces) StdoutLine: {'line': b'-- Up-to-date: /home/xxx/HUN_sentry_xxx/pb2025_Nav/install/auto_aim_interfaces/include/auto_aim_interfaces/auto_aim_interfaces/msg/detail/armor__functions.h\n'}
[0.219983] (auto_aim_interfaces) StdoutLine: {'line': b'-- Up-to-date: /home/xxx/HUN_sentry_xxx/pb2025_Nav/install/auto_aim_interfaces/include/auto_aim_interfaces/auto_aim_interfaces/msg/detail/armor__type_support.h\n'}
[0.220112] (auto_aim_interfaces) StdoutLine: {'line': b'-- Up-to-date: /home/xxx/HUN_sentry_xxx/pb2025_Nav/install/auto_aim_interfaces/include/auto_aim_interfaces/auto_aim_interfaces/msg/detail/debug_armor__functions.c\n'}
[0.220154] (auto_aim_interfaces) StdoutLine: {'line': b'-- Up-to-date: /home/xxx/HUN_sentry_xxx/pb2025_Nav/install/auto_aim_interfaces/include/auto_aim_interfaces/auto_aim_interfaces/msg/detail/tracker_info__functions.c\n'}
[0.220234] (auto_aim_interfaces) StdoutLine: {'line': b'-- Up-to-date: /home/xxx/HUN_sentry_xxx/pb2025_Nav/install/auto_aim_interfaces/include/auto_aim_interfaces/auto_aim_interfaces/msg/detail/tracker_info__type_support.h\n'}
[0.220265] (auto_aim_interfaces) StdoutLine: {'line': b'-- Up-to-date: /home/xxx/HUN_sentry_xxx/pb2025_Nav/install/auto_aim_interfaces/include/auto_aim_interfaces/auto_aim_interfaces/msg/detail/debug_armor__type_support.h\n'}
[0.220295] (auto_aim_interfaces) StdoutLine: {'line': b'-- Up-to-date: /home/xxx/HUN_sentry_xxx/pb2025_Nav/install/auto_aim_interfaces/include/auto_aim_interfaces/auto_aim_interfaces/msg/detail/tracker_info__functions.h\n'}
[0.220325] (auto_aim_interfaces) StdoutLine: {'line': b'-- Up-to-date: /home/xxx/HUN_sentry_xxx/pb2025_Nav/install/auto_aim_interfaces/include/auto_aim_interfaces/auto_aim_interfaces/msg/detail/debug_armors__type_support.h\n'}
[0.220405] (auto_aim_interfaces) StdoutLine: {'line': b'-- Up-to-date: /home/xxx/HUN_sentry_xxx/pb2025_Nav/install/auto_aim_interfaces/include/auto_aim_interfaces/auto_aim_interfaces/msg/detail/target__functions.h\n'}
[0.220436] (auto_aim_interfaces) StdoutLine: {'line': b'-- Up-to-date: /home/xxx/HUN_sentry_xxx/pb2025_Nav/install/auto_aim_interfaces/include/auto_aim_interfaces/auto_aim_interfaces/msg/detail/debug_armors__functions.h\n'}
[0.220469] (auto_aim_interfaces) StdoutLine: {'line': b'-- Up-to-date: /home/xxx/HUN_sentry_xxx/pb2025_Nav/install/auto_aim_interfaces/include/auto_aim_interfaces/auto_aim_interfaces/msg/detail/debug_light__struct.h\n'}
[0.220513] (auto_aim_interfaces) StdoutLine: {'line': b'-- Up-to-date: /home/xxx/HUN_sentry_xxx/pb2025_Nav/install/auto_aim_interfaces/include/auto_aim_interfaces/auto_aim_interfaces/msg/detail/target__type_support.h\n'}
[0.220558] (auto_aim_interfaces) StdoutLine: {'line': b'-- Up-to-date: /home/xxx/HUN_sentry_xxx/pb2025_Nav/install/auto_aim_interfaces/include/auto_aim_interfaces/auto_aim_interfaces/msg/detail/tracker_info__struct.h\n'}
[0.220620] (auto_aim_interfaces) StdoutLine: {'line': b'-- Up-to-date: /home/xxx/HUN_sentry_xxx/pb2025_Nav/install/auto_aim_interfaces/include/auto_aim_interfaces/auto_aim_interfaces/msg/detail/debug_light__type_support.h\n'}
[0.220721] (auto_aim_interfaces) StdoutLine: {'line': b'-- Up-to-date: /home/xxx/HUN_sentry_xxx/pb2025_Nav/install/auto_aim_interfaces/include/auto_aim_interfaces/auto_aim_interfaces/msg/detail/debug_light__functions.c\n'}
[0.220775] (auto_aim_interfaces) StdoutLine: {'line': b'-- Up-to-date: /home/xxx/HUN_sentry_xxx/pb2025_Nav/install/auto_aim_interfaces/include/auto_aim_interfaces/auto_aim_interfaces/msg/detail/armors__functions.c\n'}
[0.220874] (auto_aim_interfaces) StdoutLine: {'line': b'-- Up-to-date: /home/xxx/HUN_sentry_xxx/pb2025_Nav/install/auto_aim_interfaces/include/auto_aim_interfaces/auto_aim_interfaces/msg/detail/debug_light__functions.h\n'}
[0.220904] (auto_aim_interfaces) StdoutLine: {'line': b'-- Up-to-date: /home/xxx/HUN_sentry_xxx/pb2025_Nav/install/auto_aim_interfaces/include/auto_aim_interfaces/auto_aim_interfaces/msg/detail/target__functions.c\n'}
[0.220935] (auto_aim_interfaces) StdoutLine: {'line': b'-- Up-to-date: /home/xxx/HUN_sentry_xxx/pb2025_Nav/install/auto_aim_interfaces/include/auto_aim_interfaces/auto_aim_interfaces/msg/detail/armor__struct.h\n'}
[0.220975] (auto_aim_interfaces) StdoutLine: {'line': b'-- Up-to-date: /home/xxx/HUN_sentry_xxx/pb2025_Nav/install/auto_aim_interfaces/include/auto_aim_interfaces/auto_aim_interfaces/msg/detail/debug_lights__functions.c\n'}
[0.221038] (auto_aim_interfaces) StdoutLine: {'line': b'-- Up-to-date: /home/xxx/HUN_sentry_xxx/pb2025_Nav/install/auto_aim_interfaces/include/auto_aim_interfaces/auto_aim_interfaces/msg/detail/debug_lights__struct.h\n'}
[0.221071] (auto_aim_interfaces) StdoutLine: {'line': b'-- Up-to-date: /home/xxx/HUN_sentry_xxx/pb2025_Nav/install/auto_aim_interfaces/include/auto_aim_interfaces/auto_aim_interfaces/msg/detail/debug_lights__functions.h\n'}
[0.221101] (auto_aim_interfaces) StdoutLine: {'line': b'-- Up-to-date: /home/xxx/HUN_sentry_xxx/pb2025_Nav/install/auto_aim_interfaces/include/auto_aim_interfaces/auto_aim_interfaces/msg/detail/debug_armor__struct.h\n'}
[0.221132] (auto_aim_interfaces) StdoutLine: {'line': b'-- Up-to-date: /home/xxx/HUN_sentry_xxx/pb2025_Nav/install/auto_aim_interfaces/include/auto_aim_interfaces/auto_aim_interfaces/msg/detail/debug_armor__functions.h\n'}
[0.221165] (auto_aim_interfaces) StdoutLine: {'line': b'-- Up-to-date: /home/xxx/HUN_sentry_xxx/pb2025_Nav/install/auto_aim_interfaces/include/auto_aim_interfaces/auto_aim_interfaces/msg/detail/armors__struct.h\n'}
[0.221248] (auto_aim_interfaces) StdoutLine: {'line': b'-- Up-to-date: /home/xxx/HUN_sentry_xxx/pb2025_Nav/install/auto_aim_interfaces/include/auto_aim_interfaces/auto_aim_interfaces/msg/detail/debug_lights__type_support.h\n'}
[0.221283] (auto_aim_interfaces) StdoutLine: {'line': b'-- Up-to-date: /home/xxx/HUN_sentry_xxx/pb2025_Nav/install/auto_aim_interfaces/include/auto_aim_interfaces/auto_aim_interfaces/msg/detail/armor__functions.c\n'}
[0.221328] (auto_aim_interfaces) StdoutLine: {'line': b'-- Up-to-date: /home/xxx/HUN_sentry_xxx/pb2025_Nav/install/auto_aim_interfaces/include/auto_aim_interfaces/auto_aim_interfaces/msg/detail/target__struct.h\n'}
[0.221387] (auto_aim_interfaces) StdoutLine: {'line': b'-- Up-to-date: /home/xxx/HUN_sentry_xxx/pb2025_Nav/install/auto_aim_interfaces/include/auto_aim_interfaces/auto_aim_interfaces/msg/debug_armors.h\n'}
[0.221473] (auto_aim_interfaces) StdoutLine: {'line': b'-- Up-to-date: /home/xxx/HUN_sentry_xxx/pb2025_Nav/install/auto_aim_interfaces/include/auto_aim_interfaces/auto_aim_interfaces/msg/debug_light.h\n'}
[0.221583] (auto_aim_interfaces) StdoutLine: {'line': b'-- Up-to-date: /home/xxx/HUN_sentry_xxx/pb2025_Nav/install/auto_aim_interfaces/include/auto_aim_interfaces/auto_aim_interfaces/msg/target.h\n'}
[0.221638] (auto_aim_interfaces) StdoutLine: {'line': b'-- Up-to-date: /home/xxx/HUN_sentry_xxx/pb2025_Nav/install/auto_aim_interfaces/include/auto_aim_interfaces/auto_aim_interfaces/msg/armors.h\n'}
[0.221734] (auto_aim_interfaces) StdoutLine: {'line': b'-- Up-to-date: /home/xxx/HUN_sentry_xxx/pb2025_Nav/install/auto_aim_interfaces/include/auto_aim_interfaces/auto_aim_interfaces/msg/tracker_info.h\n'}
[0.221781] (auto_aim_interfaces) StdoutLine: {'line': b'-- Up-to-date: /home/xxx/HUN_sentry_xxx/pb2025_Nav/install/auto_aim_interfaces/share/auto_aim_interfaces/environment/library_path.sh\n'}
[0.221920] (auto_aim_interfaces) StdoutLine: {'line': b'-- Up-to-date: /home/xxx/HUN_sentry_xxx/pb2025_Nav/install/auto_aim_interfaces/share/auto_aim_interfaces/environment/library_path.dsv\n'}
[0.221974] (auto_aim_interfaces) StdoutLine: {'line': b'-- Up-to-date: /home/xxx/HUN_sentry_xxx/pb2025_Nav/install/auto_aim_interfaces/lib/libauto_aim_interfaces__rosidl_generator_c.so\n'}
[0.222205] (auto_aim_interfaces) StdoutLine: {'line': b'-- Up-to-date: /home/xxx/HUN_sentry_xxx/pb2025_Nav/install/auto_aim_interfaces/include/auto_aim_interfaces/auto_aim_interfaces\n'}
[0.222271] (auto_aim_interfaces) StdoutLine: {'line': b'-- Up-to-date: /home/xxx/HUN_sentry_xxx/pb2025_Nav/install/auto_aim_interfaces/include/auto_aim_interfaces/auto_aim_interfaces/msg\n'}
[0.222306] (auto_aim_interfaces) StdoutLine: {'line': b'-- Up-to-date: /home/xxx/HUN_sentry_xxx/pb2025_Nav/install/auto_aim_interfaces/include/auto_aim_interfaces/auto_aim_interfaces/msg/detail\n'}
[0.222400] (auto_aim_interfaces) StdoutLine: {'line': b'-- Up-to-date: /home/xxx/HUN_sentry_xxx/pb2025_Nav/install/auto_aim_interfaces/include/auto_aim_interfaces/auto_aim_interfaces/msg/detail/target__rosidl_typesupport_fastrtps_c.h\n'}
[0.222450] (auto_aim_interfaces) StdoutLine: {'line': b'-- Up-to-date: /home/xxx/HUN_sentry_xxx/pb2025_Nav/install/auto_aim_interfaces/include/auto_aim_interfaces/auto_aim_interfaces/msg/detail/debug_lights__rosidl_typesupport_fastrtps_c.h\n'}
[0.222531] (auto_aim_interfaces) StdoutLine: {'line': b'-- Up-to-date: /home/xxx/HUN_sentry_xxx/pb2025_Nav/install/auto_aim_interfaces/include/auto_aim_interfaces/auto_aim_interfaces/msg/detail/debug_light__rosidl_typesupport_fastrtps_c.h\n'}
[0.222583] (auto_aim_interfaces) StdoutLine: {'line': b'-- Up-to-date: /home/xxx/HUN_sentry_xxx/pb2025_Nav/install/auto_aim_interfaces/include/auto_aim_interfaces/auto_aim_interfaces/msg/detail/debug_armors__rosidl_typesupport_fastrtps_c.h\n'}
[0.222671] (auto_aim_interfaces) StdoutLine: {'line': b'-- Up-to-date: /home/xxx/HUN_sentry_xxx/pb2025_Nav/install/auto_aim_interfaces/include/auto_aim_interfaces/auto_aim_interfaces/msg/detail/tracker_info__rosidl_typesupport_fastrtps_c.h\n'}
[0.222723] (auto_aim_interfaces) StdoutLine: {'line': b'-- Up-to-date: /home/xxx/HUN_sentry_xxx/pb2025_Nav/install/auto_aim_interfaces/include/auto_aim_interfaces/auto_aim_interfaces/msg/detail/debug_armor__rosidl_typesupport_fastrtps_c.h\n'}
[0.222793] (auto_aim_interfaces) StdoutLine: {'line': b'-- Up-to-date: /home/xxx/HUN_sentry_xxx/pb2025_Nav/install/auto_aim_interfaces/include/auto_aim_interfaces/auto_aim_interfaces/msg/detail/armor__rosidl_typesupport_fastrtps_c.h\n'}
[0.222937] (auto_aim_interfaces) StdoutLine: {'line': b'-- Up-to-date: /home/xxx/HUN_sentry_xxx/pb2025_Nav/install/auto_aim_interfaces/include/auto_aim_interfaces/auto_aim_interfaces/msg/detail/armors__rosidl_typesupport_fastrtps_c.h\n'}
[0.223074] (auto_aim_interfaces) StdoutLine: {'line': b'-- Up-to-date: /home/xxx/HUN_sentry_xxx/pb2025_Nav/install/auto_aim_interfaces/include/auto_aim_interfaces/auto_aim_interfaces/msg/rosidl_typesupport_fastrtps_c__visibility_control.h\n'}
[0.223184] (auto_aim_interfaces) StdoutLine: {'line': b'-- Up-to-date: /home/xxx/HUN_sentry_xxx/pb2025_Nav/install/auto_aim_interfaces/lib/libauto_aim_interfaces__rosidl_typesupport_fastrtps_c.so\n'}
[0.223226] (auto_aim_interfaces) StdoutLine: {'line': b'-- Up-to-date: /home/xxx/HUN_sentry_xxx/pb2025_Nav/install/auto_aim_interfaces/include/auto_aim_interfaces/auto_aim_interfaces\n'}
[0.223267] (auto_aim_interfaces) StdoutLine: {'line': b'-- Up-to-date: /home/xxx/HUN_sentry_xxx/pb2025_Nav/install/auto_aim_interfaces/include/auto_aim_interfaces/auto_aim_interfaces/msg\n'}
[0.223301] (auto_aim_interfaces) StdoutLine: {'line': b'-- Up-to-date: /home/xxx/HUN_sentry_xxx/pb2025_Nav/install/auto_aim_interfaces/include/auto_aim_interfaces/auto_aim_interfaces/msg/detail\n'}
[0.223374] (auto_aim_interfaces) StdoutLine: {'line': b'-- Up-to-date: /home/xxx/HUN_sentry_xxx/pb2025_Nav/install/auto_aim_interfaces/include/auto_aim_interfaces/auto_aim_interfaces/msg/detail/debug_light__type_support.c\n'}
[0.223406] (auto_aim_interfaces) StdoutLine: {'line': b'-- Up-to-date: /home/xxx/HUN_sentry_xxx/pb2025_Nav/install/auto_aim_interfaces/include/auto_aim_interfaces/auto_aim_interfaces/msg/detail/debug_light__rosidl_typesupport_introspection_c.h\n'}
[0.223435] (auto_aim_interfaces) StdoutLine: {'line': b'-- Up-to-date: /home/xxx/HUN_sentry_xxx/pb2025_Nav/install/auto_aim_interfaces/include/auto_aim_interfaces/auto_aim_interfaces/msg/detail/tracker_info__rosidl_typesupport_introspection_c.h\n'}
[0.223536] (auto_aim_interfaces) StdoutLine: {'line': b'-- Up-to-date: /home/xxx/HUN_sentry_xxx/pb2025_Nav/install/auto_aim_interfaces/include/auto_aim_interfaces/auto_aim_interfaces/msg/detail/armor__rosidl_typesupport_introspection_c.h\n'}
[0.223580] (auto_aim_interfaces) StdoutLine: {'line': b'-- Up-to-date: /home/xxx/HUN_sentry_xxx/pb2025_Nav/install/auto_aim_interfaces/include/auto_aim_interfaces/auto_aim_interfaces/msg/detail/debug_armor__rosidl_typesupport_introspection_c.h\n'}
[0.223636] (auto_aim_interfaces) StdoutLine: {'line': b'-- Up-to-date: /home/xxx/HUN_sentry_xxx/pb2025_Nav/install/auto_aim_interfaces/include/auto_aim_interfaces/auto_aim_interfaces/msg/detail/debug_lights__type_support.c\n'}
[0.223680] (auto_aim_interfaces) StdoutLine: {'line': b'-- Up-to-date: /home/xxx/HUN_sentry_xxx/pb2025_Nav/install/auto_aim_interfaces/include/auto_aim_interfaces/auto_aim_interfaces/msg/detail/armors__rosidl_typesupport_introspection_c.h\n'}
[0.223735] (auto_aim_interfaces) StdoutLine: {'line': b'-- Up-to-date: /home/xxx/HUN_sentry_xxx/pb2025_Nav/install/auto_aim_interfaces/include/auto_aim_interfaces/auto_aim_interfaces/msg/detail/target__rosidl_typesupport_introspection_c.h\n'}
[0.223775] (auto_aim_interfaces) StdoutLine: {'line': b'-- Up-to-date: /home/xxx/HUN_sentry_xxx/pb2025_Nav/install/auto_aim_interfaces/include/auto_aim_interfaces/auto_aim_interfaces/msg/detail/target__type_support.c\n'}
[0.223828] (auto_aim_interfaces) StdoutLine: {'line': b'-- Up-to-date: /home/xxx/HUN_sentry_xxx/pb2025_Nav/install/auto_aim_interfaces/include/auto_aim_interfaces/auto_aim_interfaces/msg/detail/debug_armors__type_support.c\n'}
[0.223890] (auto_aim_interfaces) StdoutLine: {'line': b'-- Up-to-date: /home/xxx/HUN_sentry_xxx/pb2025_Nav/install/auto_aim_interfaces/include/auto_aim_interfaces/auto_aim_interfaces/msg/detail/armor__type_support.c\n'}
[0.223920] (auto_aim_interfaces) StdoutLine: {'line': b'-- Up-to-date: /home/xxx/HUN_sentry_xxx/pb2025_Nav/install/auto_aim_interfaces/include/auto_aim_interfaces/auto_aim_interfaces/msg/detail/debug_armor__type_support.c\n'}
[0.223961] (auto_aim_interfaces) StdoutLine: {'line': b'-- Up-to-date: /home/xxx/HUN_sentry_xxx/pb2025_Nav/install/auto_aim_interfaces/include/auto_aim_interfaces/auto_aim_interfaces/msg/detail/debug_lights__rosidl_typesupport_introspection_c.h\n'}
[0.224039] (auto_aim_interfaces) StdoutLine: {'line': b'-- Up-to-date: /home/xxx/HUN_sentry_xxx/pb2025_Nav/install/auto_aim_interfaces/include/auto_aim_interfaces/auto_aim_interfaces/msg/detail/tracker_info__type_support.c\n'}
[0.224080] (auto_aim_interfaces) StdoutLine: {'line': b'-- Up-to-date: /home/xxx/HUN_sentry_xxx/pb2025_Nav/install/auto_aim_interfaces/include/auto_aim_interfaces/auto_aim_interfaces/msg/detail/debug_armors__rosidl_typesupport_introspection_c.h\n'}
[0.224159] (auto_aim_interfaces) StdoutLine: {'line': b'-- Up-to-date: /home/xxx/HUN_sentry_xxx/pb2025_Nav/install/auto_aim_interfaces/include/auto_aim_interfaces/auto_aim_interfaces/msg/detail/armors__type_support.c\n'}
[0.224273] (auto_aim_interfaces) StdoutLine: {'line': b'-- Up-to-date: /home/xxx/HUN_sentry_xxx/pb2025_Nav/install/auto_aim_interfaces/include/auto_aim_interfaces/auto_aim_interfaces/msg/rosidl_typesupport_introspection_c__visibility_control.h\n'}
[0.224369] (auto_aim_interfaces) StdoutLine: {'line': b'-- Up-to-date: /home/xxx/HUN_sentry_xxx/pb2025_Nav/install/auto_aim_interfaces/lib/libauto_aim_interfaces__rosidl_typesupport_introspection_c.so\n'}
[0.224419] (auto_aim_interfaces) StdoutLine: {'line': b'-- Up-to-date: /home/xxx/HUN_sentry_xxx/pb2025_Nav/install/auto_aim_interfaces/lib/libauto_aim_interfaces__rosidl_typesupport_c.so\n'}
[0.224490] (auto_aim_interfaces) StdoutLine: {'line': b'-- Up-to-date: /home/xxx/HUN_sentry_xxx/pb2025_Nav/install/auto_aim_interfaces/include/auto_aim_interfaces/auto_aim_interfaces\n'}
[0.224520] (auto_aim_interfaces) StdoutLine: {'line': b'-- Up-to-date: /home/xxx/HUN_sentry_xxx/pb2025_Nav/install/auto_aim_interfaces/include/auto_aim_interfaces/auto_aim_interfaces/msg\n'}
[0.224549] (auto_aim_interfaces) StdoutLine: {'line': b'-- Up-to-date: /home/xxx/HUN_sentry_xxx/pb2025_Nav/install/auto_aim_interfaces/include/auto_aim_interfaces/auto_aim_interfaces/msg/debug_armors.hpp\n'}
[0.224579] (auto_aim_interfaces) StdoutLine: {'line': b'-- Up-to-date: /home/xxx/HUN_sentry_xxx/pb2025_Nav/install/auto_aim_interfaces/include/auto_aim_interfaces/auto_aim_interfaces/msg/debug_light.hpp\n'}
[0.224612] (auto_aim_interfaces) StdoutLine: {'line': b'-- Up-to-date: /home/xxx/HUN_sentry_xxx/pb2025_Nav/install/auto_aim_interfaces/include/auto_aim_interfaces/auto_aim_interfaces/msg/armor.hpp\n'}
[0.224642] (auto_aim_interfaces) StdoutLine: {'line': b'-- Up-to-date: /home/xxx/HUN_sentry_xxx/pb2025_Nav/install/auto_aim_interfaces/include/auto_aim_interfaces/auto_aim_interfaces/msg/armors.hpp\n'}
[0.224670] (auto_aim_interfaces) StdoutLine: {'line': b'-- Up-to-date: /home/xxx/HUN_sentry_xxx/pb2025_Nav/install/auto_aim_interfaces/include/auto_aim_interfaces/auto_aim_interfaces/msg/detail\n'}
[0.224702] (auto_aim_interfaces) StdoutLine: {'line': b'-- Up-to-date: /home/xxx/HUN_sentry_xxx/pb2025_Nav/install/auto_aim_interfaces/include/auto_aim_interfaces/auto_aim_interfaces/msg/detail/tracker_info__struct.hpp\n'}
[0.224733] (auto_aim_interfaces) StdoutLine: {'line': b'-- Up-to-date: /home/xxx/HUN_sentry_xxx/pb2025_Nav/install/auto_aim_interfaces/include/auto_aim_interfaces/auto_aim_interfaces/msg/detail/debug_light__struct.hpp\n'}
[0.224764] (auto_aim_interfaces) StdoutLine: {'line': b'-- Up-to-date: /home/xxx/HUN_sentry_xxx/pb2025_Nav/install/auto_aim_interfaces/include/auto_aim_interfaces/auto_aim_interfaces/msg/detail/debug_light__type_support.hpp\n'}
[0.224794] (auto_aim_interfaces) StdoutLine: {'line': b'-- Up-to-date: /home/xxx/HUN_sentry_xxx/pb2025_Nav/install/auto_aim_interfaces/include/auto_aim_interfaces/auto_aim_interfaces/msg/detail/debug_armors__struct.hpp\n'}
[0.224824] (auto_aim_interfaces) StdoutLine: {'line': b'-- Up-to-date: /home/xxx/HUN_sentry_xxx/pb2025_Nav/install/auto_aim_interfaces/include/auto_aim_interfaces/auto_aim_interfaces/msg/detail/tracker_info__traits.hpp\n'}
[0.224852] (auto_aim_interfaces) StdoutLine: {'line': b'-- Up-to-date: /home/xxx/HUN_sentry_xxx/pb2025_Nav/install/auto_aim_interfaces/include/auto_aim_interfaces/auto_aim_interfaces/msg/detail/armor__builder.hpp\n'}
[0.224883] (auto_aim_interfaces) StdoutLine: {'line': b'-- Up-to-date: /home/xxx/HUN_sentry_xxx/pb2025_Nav/install/auto_aim_interfaces/include/auto_aim_interfaces/auto_aim_interfaces/msg/detail/armors__type_support.hpp\n'}
[0.224914] (auto_aim_interfaces) StdoutLine: {'line': b'-- Up-to-date: /home/xxx/HUN_sentry_xxx/pb2025_Nav/install/auto_aim_interfaces/include/auto_aim_interfaces/auto_aim_interfaces/msg/detail/debug_armors__type_support.hpp\n'}
[0.224942] (auto_aim_interfaces) StdoutLine: {'line': b'-- Up-to-date: /home/xxx/HUN_sentry_xxx/pb2025_Nav/install/auto_aim_interfaces/include/auto_aim_interfaces/auto_aim_interfaces/msg/detail/debug_lights__traits.hpp\n'}
[0.224972] (auto_aim_interfaces) StdoutLine: {'line': b'-- Up-to-date: /home/xxx/HUN_sentry_xxx/pb2025_Nav/install/auto_aim_interfaces/include/auto_aim_interfaces/auto_aim_interfaces/msg/detail/debug_armor__struct.hpp\n'}
[0.225002] (auto_aim_interfaces) StdoutLine: {'line': b'-- Up-to-date: /home/xxx/HUN_sentry_xxx/pb2025_Nav/install/auto_aim_interfaces/include/auto_aim_interfaces/auto_aim_interfaces/msg/detail/debug_armor__traits.hpp\n'}
[0.225043] (auto_aim_interfaces) StdoutLine: {'line': b'-- Up-to-date: /home/xxx/HUN_sentry_xxx/pb2025_Nav/install/auto_aim_interfaces/include/auto_aim_interfaces/auto_aim_interfaces/msg/detail/tracker_info__builder.hpp\n'}
[0.225073] (auto_aim_interfaces) StdoutLine: {'line': b'-- Up-to-date: /home/xxx/HUN_sentry_xxx/pb2025_Nav/install/auto_aim_interfaces/include/auto_aim_interfaces/auto_aim_interfaces/msg/detail/tracker_info__type_support.hpp\n'}
[0.225103] (auto_aim_interfaces) StdoutLine: {'line': b'-- Up-to-date: /home/xxx/HUN_sentry_xxx/pb2025_Nav/install/auto_aim_interfaces/include/auto_aim_interfaces/auto_aim_interfaces/msg/detail/armors__struct.hpp\n'}
[0.225132] (auto_aim_interfaces) StdoutLine: {'line': b'-- Up-to-date: /home/xxx/HUN_sentry_xxx/pb2025_Nav/install/auto_aim_interfaces/include/auto_aim_interfaces/auto_aim_interfaces/msg/detail/debug_lights__builder.hpp\n'}
[0.225161] (auto_aim_interfaces) StdoutLine: {'line': b'-- Up-to-date: /home/xxx/HUN_sentry_xxx/pb2025_Nav/install/auto_aim_interfaces/include/auto_aim_interfaces/auto_aim_interfaces/msg/detail/armor__traits.hpp\n'}
[0.225190] (auto_aim_interfaces) StdoutLine: {'line': b'-- Up-to-date: /home/xxx/HUN_sentry_xxx/pb2025_Nav/install/auto_aim_interfaces/include/auto_aim_interfaces/auto_aim_interfaces/msg/detail/target__builder.hpp\n'}
[0.225220] (auto_aim_interfaces) StdoutLine: {'line': b'-- Up-to-date: /home/xxx/HUN_sentry_xxx/pb2025_Nav/install/auto_aim_interfaces/include/auto_aim_interfaces/auto_aim_interfaces/msg/detail/armor__struct.hpp\n'}
[0.225250] (auto_aim_interfaces) StdoutLine: {'line': b'-- Up-to-date: /home/xxx/HUN_sentry_xxx/pb2025_Nav/install/auto_aim_interfaces/include/auto_aim_interfaces/auto_aim_interfaces/msg/detail/debug_light__builder.hpp\n'}
[0.225282] (auto_aim_interfaces) StdoutLine: {'line': b'-- Up-to-date: /home/xxx/HUN_sentry_xxx/pb2025_Nav/install/auto_aim_interfaces/include/auto_aim_interfaces/auto_aim_interfaces/msg/detail/debug_armors__builder.hpp\n'}
[0.225312] (auto_aim_interfaces) StdoutLine: {'line': b'-- Up-to-date: /home/xxx/HUN_sentry_xxx/pb2025_Nav/install/auto_aim_interfaces/include/auto_aim_interfaces/auto_aim_interfaces/msg/detail/target__traits.hpp\n'}
[0.225341] (auto_aim_interfaces) StdoutLine: {'line': b'-- Up-to-date: /home/xxx/HUN_sentry_xxx/pb2025_Nav/install/auto_aim_interfaces/include/auto_aim_interfaces/auto_aim_interfaces/msg/detail/target__struct.hpp\n'}
[0.225370] (auto_aim_interfaces) StdoutLine: {'line': b'-- Up-to-date: /home/xxx/HUN_sentry_xxx/pb2025_Nav/install/auto_aim_interfaces/include/auto_aim_interfaces/auto_aim_interfaces/msg/detail/debug_lights__type_support.hpp\n'}
[0.225404] (auto_aim_interfaces) StdoutLine: {'line': b'-- Up-to-date: /home/xxx/HUN_sentry_xxx/pb2025_Nav/install/auto_aim_interfaces/include/auto_aim_interfaces/auto_aim_interfaces/msg/detail/debug_armor__type_support.hpp\n'}
[0.225434] (auto_aim_interfaces) StdoutLine: {'line': b'-- Up-to-date: /home/xxx/HUN_sentry_xxx/pb2025_Nav/install/auto_aim_interfaces/include/auto_aim_interfaces/auto_aim_interfaces/msg/detail/target__type_support.hpp\n'}
[0.225465] (auto_aim_interfaces) StdoutLine: {'line': b'-- Up-to-date: /home/xxx/HUN_sentry_xxx/pb2025_Nav/install/auto_aim_interfaces/include/auto_aim_interfaces/auto_aim_interfaces/msg/detail/debug_armors__traits.hpp\n'}
[0.225494] (auto_aim_interfaces) StdoutLine: {'line': b'-- Up-to-date: /home/xxx/HUN_sentry_xxx/pb2025_Nav/install/auto_aim_interfaces/include/auto_aim_interfaces/auto_aim_interfaces/msg/detail/debug_armor__builder.hpp\n'}
[0.225524] (auto_aim_interfaces) StdoutLine: {'line': b'-- Up-to-date: /home/xxx/HUN_sentry_xxx/pb2025_Nav/install/auto_aim_interfaces/include/auto_aim_interfaces/auto_aim_interfaces/msg/detail/armor__type_support.hpp\n'}
[0.225553] (auto_aim_interfaces) StdoutLine: {'line': b'-- Up-to-date: /home/xxx/HUN_sentry_xxx/pb2025_Nav/install/auto_aim_interfaces/include/auto_aim_interfaces/auto_aim_interfaces/msg/detail/armors__builder.hpp\n'}
[0.225581] (auto_aim_interfaces) StdoutLine: {'line': b'-- Up-to-date: /home/xxx/HUN_sentry_xxx/pb2025_Nav/install/auto_aim_interfaces/include/auto_aim_interfaces/auto_aim_interfaces/msg/detail/armors__traits.hpp\n'}
[0.225610] (auto_aim_interfaces) StdoutLine: {'line': b'-- Up-to-date: /home/xxx/HUN_sentry_xxx/pb2025_Nav/install/auto_aim_interfaces/include/auto_aim_interfaces/auto_aim_interfaces/msg/detail/debug_lights__struct.hpp\n'}
[0.225638] (auto_aim_interfaces) StdoutLine: {'line': b'-- Up-to-date: /home/xxx/HUN_sentry_xxx/pb2025_Nav/install/auto_aim_interfaces/include/auto_aim_interfaces/auto_aim_interfaces/msg/detail/debug_light__traits.hpp\n'}
[0.225667] (auto_aim_interfaces) StdoutLine: {'line': b'-- Up-to-date: /home/xxx/HUN_sentry_xxx/pb2025_Nav/install/auto_aim_interfaces/include/auto_aim_interfaces/auto_aim_interfaces/msg/tracker_info.hpp\n'}
[0.225695] (auto_aim_interfaces) StdoutLine: {'line': b'-- Up-to-date: /home/xxx/HUN_sentry_xxx/pb2025_Nav/install/auto_aim_interfaces/include/auto_aim_interfaces/auto_aim_interfaces/msg/debug_armor.hpp\n'}
[0.225724] (auto_aim_interfaces) StdoutLine: {'line': b'-- Up-to-date: /home/xxx/HUN_sentry_xxx/pb2025_Nav/install/auto_aim_interfaces/include/auto_aim_interfaces/auto_aim_interfaces/msg/target.hpp\n'}
[0.225753] (auto_aim_interfaces) StdoutLine: {'line': b'-- Up-to-date: /home/xxx/HUN_sentry_xxx/pb2025_Nav/install/auto_aim_interfaces/include/auto_aim_interfaces/auto_aim_interfaces/msg/rosidl_generator_cpp__visibility_control.hpp\n'}
[0.225783] (auto_aim_interfaces) StdoutLine: {'line': b'-- Up-to-date: /home/xxx/HUN_sentry_xxx/pb2025_Nav/install/auto_aim_interfaces/include/auto_aim_interfaces/auto_aim_interfaces/msg/debug_lights.hpp\n'}
[0.225811] (auto_aim_interfaces) StdoutLine: {'line': b'-- Up-to-date: /home/xxx/HUN_sentry_xxx/pb2025_Nav/install/auto_aim_interfaces/include/auto_aim_interfaces/auto_aim_interfaces\n'}
[0.225840] (auto_aim_interfaces) StdoutLine: {'line': b'-- Up-to-date: /home/xxx/HUN_sentry_xxx/pb2025_Nav/install/auto_aim_interfaces/include/auto_aim_interfaces/auto_aim_interfaces/msg\n'}
[0.225868] (auto_aim_interfaces) StdoutLine: {'line': b'-- Up-to-date: /home/xxx/HUN_sentry_xxx/pb2025_Nav/install/auto_aim_interfaces/include/auto_aim_interfaces/auto_aim_interfaces/msg/detail\n'}
[0.225898] (auto_aim_interfaces) StdoutLine: {'line': b'-- Up-to-date: /home/xxx/HUN_sentry_xxx/pb2025_Nav/install/auto_aim_interfaces/include/auto_aim_interfaces/auto_aim_interfaces/msg/detail/debug_lights__rosidl_typesupport_fastrtps_cpp.hpp\n'}
[0.225928] (auto_aim_interfaces) StdoutLine: {'line': b'-- Up-to-date: /home/xxx/HUN_sentry_xxx/pb2025_Nav/install/auto_aim_interfaces/include/auto_aim_interfaces/auto_aim_interfaces/msg/detail/debug_light__rosidl_typesupport_fastrtps_cpp.hpp\n'}
[0.225957] (auto_aim_interfaces) StdoutLine: {'line': b'-- Up-to-date: /home/xxx/HUN_sentry_xxx/pb2025_Nav/install/auto_aim_interfaces/include/auto_aim_interfaces/auto_aim_interfaces/msg/detail/target__rosidl_typesupport_fastrtps_cpp.hpp\n'}
[0.225987] (auto_aim_interfaces) StdoutLine: {'line': b'-- Up-to-date: /home/xxx/HUN_sentry_xxx/pb2025_Nav/install/auto_aim_interfaces/include/auto_aim_interfaces/auto_aim_interfaces/msg/detail/debug_armor__rosidl_typesupport_fastrtps_cpp.hpp\n'}
[0.226025] (auto_aim_interfaces) StdoutLine: {'line': b'-- Up-to-date: /home/xxx/HUN_sentry_xxx/pb2025_Nav/install/auto_aim_interfaces/include/auto_aim_interfaces/auto_aim_interfaces/msg/detail/armors__rosidl_typesupport_fastrtps_cpp.hpp\n'}
[0.226060] (auto_aim_interfaces) StdoutLine: {'line': b'-- Up-to-date: /home/xxx/HUN_sentry_xxx/pb2025_Nav/install/auto_aim_interfaces/include/auto_aim_interfaces/auto_aim_interfaces/msg/detail/dds_fastrtps\n'}
[0.226089] (auto_aim_interfaces) StdoutLine: {'line': b'-- Up-to-date: /home/xxx/HUN_sentry_xxx/pb2025_Nav/install/auto_aim_interfaces/include/auto_aim_interfaces/auto_aim_interfaces/msg/detail/tracker_info__rosidl_typesupport_fastrtps_cpp.hpp\n'}
[0.226117] (auto_aim_interfaces) StdoutLine: {'line': b'-- Up-to-date: /home/xxx/HUN_sentry_xxx/pb2025_Nav/install/auto_aim_interfaces/include/auto_aim_interfaces/auto_aim_interfaces/msg/detail/debug_armors__rosidl_typesupport_fastrtps_cpp.hpp\n'}
[0.226151] (auto_aim_interfaces) StdoutLine: {'line': b'-- Up-to-date: /home/xxx/HUN_sentry_xxx/pb2025_Nav/install/auto_aim_interfaces/include/auto_aim_interfaces/auto_aim_interfaces/msg/detail/armor__rosidl_typesupport_fastrtps_cpp.hpp\n'}
[0.226181] (auto_aim_interfaces) StdoutLine: {'line': b'-- Up-to-date: /home/xxx/HUN_sentry_xxx/pb2025_Nav/install/auto_aim_interfaces/include/auto_aim_interfaces/auto_aim_interfaces/msg/rosidl_typesupport_fastrtps_cpp__visibility_control.h\n'}
[0.226209] (auto_aim_interfaces) StdoutLine: {'line': b'-- Up-to-date: /home/xxx/HUN_sentry_xxx/pb2025_Nav/install/auto_aim_interfaces/lib/libauto_aim_interfaces__rosidl_typesupport_fastrtps_cpp.so\n'}
[0.226236] (auto_aim_interfaces) StdoutLine: {'line': b'-- Up-to-date: /home/xxx/HUN_sentry_xxx/pb2025_Nav/install/auto_aim_interfaces/include/auto_aim_interfaces/auto_aim_interfaces\n'}
[0.226265] (auto_aim_interfaces) StdoutLine: {'line': b'-- Up-to-date: /home/xxx/HUN_sentry_xxx/pb2025_Nav/install/auto_aim_interfaces/include/auto_aim_interfaces/auto_aim_interfaces/msg\n'}
[0.226293] (auto_aim_interfaces) StdoutLine: {'line': b'-- Up-to-date: /home/xxx/HUN_sentry_xxx/pb2025_Nav/install/auto_aim_interfaces/include/auto_aim_interfaces/auto_aim_interfaces/msg/detail\n'}
[0.226324] (auto_aim_interfaces) StdoutLine: {'line': b'-- Up-to-date: /home/xxx/HUN_sentry_xxx/pb2025_Nav/install/auto_aim_interfaces/include/auto_aim_interfaces/auto_aim_interfaces/msg/detail/armor__rosidl_typesupport_introspection_cpp.hpp\n'}
[0.226354] (auto_aim_interfaces) StdoutLine: {'line': b'-- Up-to-date: /home/xxx/HUN_sentry_xxx/pb2025_Nav/install/auto_aim_interfaces/include/auto_aim_interfaces/auto_aim_interfaces/msg/detail/debug_light__type_support.cpp\n'}
[0.226381] (auto_aim_interfaces) StdoutLine: {'line': b'-- Up-to-date: /home/xxx/HUN_sentry_xxx/pb2025_Nav/install/auto_aim_interfaces/include/auto_aim_interfaces/auto_aim_interfaces/msg/detail/debug_armors__type_support.cpp\n'}
[0.226410] (auto_aim_interfaces) StdoutLine: {'line': b'-- Up-to-date: /home/xxx/HUN_sentry_xxx/pb2025_Nav/install/auto_aim_interfaces/include/auto_aim_interfaces/auto_aim_interfaces/msg/detail/target__type_support.cpp\n'}
[0.226437] (auto_aim_interfaces) StdoutLine: {'line': b'-- Up-to-date: /home/xxx/HUN_sentry_xxx/pb2025_Nav/install/auto_aim_interfaces/include/auto_aim_interfaces/auto_aim_interfaces/msg/detail/armors__rosidl_typesupport_introspection_cpp.hpp\n'}
[0.226468] (auto_aim_interfaces) StdoutLine: {'line': b'-- Up-to-date: /home/xxx/HUN_sentry_xxx/pb2025_Nav/install/auto_aim_interfaces/include/auto_aim_interfaces/auto_aim_interfaces/msg/detail/debug_lights__rosidl_typesupport_introspection_cpp.hpp\n'}
[0.226497] (auto_aim_interfaces) StdoutLine: {'line': b'-- Up-to-date: /home/xxx/HUN_sentry_xxx/pb2025_Nav/install/auto_aim_interfaces/include/auto_aim_interfaces/auto_aim_interfaces/msg/detail/debug_light__rosidl_typesupport_introspection_cpp.hpp\n'}
[0.226525] (auto_aim_interfaces) StdoutLine: {'line': b'-- Up-to-date: /home/xxx/HUN_sentry_xxx/pb2025_Nav/install/auto_aim_interfaces/include/auto_aim_interfaces/auto_aim_interfaces/msg/detail/debug_armor__rosidl_typesupport_introspection_cpp.hpp\n'}
[0.226556] (auto_aim_interfaces) StdoutLine: {'line': b'-- Up-to-date: /home/xxx/HUN_sentry_xxx/pb2025_Nav/install/auto_aim_interfaces/include/auto_aim_interfaces/auto_aim_interfaces/msg/detail/armors__type_support.cpp\n'}
[0.226586] (auto_aim_interfaces) StdoutLine: {'line': b'-- Up-to-date: /home/xxx/HUN_sentry_xxx/pb2025_Nav/install/auto_aim_interfaces/include/auto_aim_interfaces/auto_aim_interfaces/msg/detail/debug_armor__type_support.cpp\n'}
[0.226616] (auto_aim_interfaces) StdoutLine: {'line': b'-- Up-to-date: /home/xxx/HUN_sentry_xxx/pb2025_Nav/install/auto_aim_interfaces/include/auto_aim_interfaces/auto_aim_interfaces/msg/detail/tracker_info__type_support.cpp\n'}
[0.226645] (auto_aim_interfaces) StdoutLine: {'line': b'-- Up-to-date: /home/xxx/HUN_sentry_xxx/pb2025_Nav/install/auto_aim_interfaces/include/auto_aim_interfaces/auto_aim_interfaces/msg/detail/debug_armors__rosidl_typesupport_introspection_cpp.hpp\n'}
[0.226675] (auto_aim_interfaces) StdoutLine: {'line': b'-- Up-to-date: /home/xxx/HUN_sentry_xxx/pb2025_Nav/install/auto_aim_interfaces/include/auto_aim_interfaces/auto_aim_interfaces/msg/detail/debug_lights__type_support.cpp\n'}
[0.226704] (auto_aim_interfaces) StdoutLine: {'line': b'-- Up-to-date: /home/xxx/HUN_sentry_xxx/pb2025_Nav/install/auto_aim_interfaces/include/auto_aim_interfaces/auto_aim_interfaces/msg/detail/armor__type_support.cpp\n'}
[0.226734] (auto_aim_interfaces) StdoutLine: {'line': b'-- Up-to-date: /home/xxx/HUN_sentry_xxx/pb2025_Nav/install/auto_aim_interfaces/include/auto_aim_interfaces/auto_aim_interfaces/msg/detail/tracker_info__rosidl_typesupport_introspection_cpp.hpp\n'}
[0.226762] (auto_aim_interfaces) StdoutLine: {'line': b'-- Up-to-date: /home/xxx/HUN_sentry_xxx/pb2025_Nav/install/auto_aim_interfaces/include/auto_aim_interfaces/auto_aim_interfaces/msg/detail/target__rosidl_typesupport_introspection_cpp.hpp\n'}
[0.226791] (auto_aim_interfaces) StdoutLine: {'line': b'-- Up-to-date: /home/xxx/HUN_sentry_xxx/pb2025_Nav/install/auto_aim_interfaces/lib/libauto_aim_interfaces__rosidl_typesupport_introspection_cpp.so\n'}
[0.226821] (auto_aim_interfaces) StdoutLine: {'line': b'-- Up-to-date: /home/xxx/HUN_sentry_xxx/pb2025_Nav/install/auto_aim_interfaces/lib/libauto_aim_interfaces__rosidl_typesupport_cpp.so\n'}
[0.226850] (auto_aim_interfaces) StdoutLine: {'line': b'-- Up-to-date: /home/xxx/HUN_sentry_xxx/pb2025_Nav/install/auto_aim_interfaces/share/auto_aim_interfaces/environment/pythonpath.sh\n'}
[0.226884] (auto_aim_interfaces) StdoutLine: {'line': b'-- Up-to-date: /home/xxx/HUN_sentry_xxx/pb2025_Nav/install/auto_aim_interfaces/share/auto_aim_interfaces/environment/pythonpath.dsv\n'}
[0.226913] (auto_aim_interfaces) StdoutLine: {'line': b'-- Up-to-date: /home/xxx/HUN_sentry_xxx/pb2025_Nav/install/auto_aim_interfaces/local/lib/python3.10/dist-packages/auto_aim_interfaces-0.0.0-py3.10.egg-info\n'}
[0.226943] (auto_aim_interfaces) StdoutLine: {'line': b'-- Installing: /home/xxx/HUN_sentry_xxx/pb2025_Nav/install/auto_aim_interfaces/local/lib/python3.10/dist-packages/auto_aim_interfaces-0.0.0-py3.10.egg-info/dependency_links.txt\n'}
[0.226971] (auto_aim_interfaces) StdoutLine: {'line': b'-- Installing: /home/xxx/HUN_sentry_xxx/pb2025_Nav/install/auto_aim_interfaces/local/lib/python3.10/dist-packages/auto_aim_interfaces-0.0.0-py3.10.egg-info/SOURCES.txt\n'}
[0.227001] (auto_aim_interfaces) StdoutLine: {'line': b'-- Installing: /home/xxx/HUN_sentry_xxx/pb2025_Nav/install/auto_aim_interfaces/local/lib/python3.10/dist-packages/auto_aim_interfaces-0.0.0-py3.10.egg-info/PKG-INFO\n'}
[0.227038] (auto_aim_interfaces) StdoutLine: {'line': b'-- Installing: /home/xxx/HUN_sentry_xxx/pb2025_Nav/install/auto_aim_interfaces/local/lib/python3.10/dist-packages/auto_aim_interfaces-0.0.0-py3.10.egg-info/top_level.txt\n'}
[0.227070] (auto_aim_interfaces) StdoutLine: {'line': b'-- Up-to-date: /home/xxx/HUN_sentry_xxx/pb2025_Nav/install/auto_aim_interfaces/local/lib/python3.10/dist-packages/auto_aim_interfaces\n'}
[0.227102] (auto_aim_interfaces) StdoutLine: {'line': b'-- Up-to-date: /home/xxx/HUN_sentry_xxx/pb2025_Nav/install/auto_aim_interfaces/local/lib/python3.10/dist-packages/auto_aim_interfaces/msg\n'}
[0.227132] (auto_aim_interfaces) StdoutLine: {'line': b'-- Up-to-date: /home/xxx/HUN_sentry_xxx/pb2025_Nav/install/auto_aim_interfaces/local/lib/python3.10/dist-packages/auto_aim_interfaces/msg/_target.py\n'}
[0.227164] (auto_aim_interfaces) StdoutLine: {'line': b'-- Up-to-date: /home/xxx/HUN_sentry_xxx/pb2025_Nav/install/auto_aim_interfaces/local/lib/python3.10/dist-packages/auto_aim_interfaces/msg/_target_s.c\n'}
[0.227192] (auto_aim_interfaces) StdoutLine: {'line': b'-- Up-to-date: /home/xxx/HUN_sentry_xxx/pb2025_Nav/install/auto_aim_interfaces/local/lib/python3.10/dist-packages/auto_aim_interfaces/msg/_debug_armors_s.c\n'}
[0.227222] (auto_aim_interfaces) StdoutLine: {'line': b'-- Up-to-date: /home/xxx/HUN_sentry_xxx/pb2025_Nav/install/auto_aim_interfaces/local/lib/python3.10/dist-packages/auto_aim_interfaces/msg/_armors.py\n'}
[0.227252] (auto_aim_interfaces) StdoutLine: {'line': b'-- Up-to-date: /home/xxx/HUN_sentry_xxx/pb2025_Nav/install/auto_aim_interfaces/local/lib/python3.10/dist-packages/auto_aim_interfaces/msg/_debug_light.py\n'}
[0.227280] (auto_aim_interfaces) StdoutLine: {'line': b'-- Up-to-date: /home/xxx/HUN_sentry_xxx/pb2025_Nav/install/auto_aim_interfaces/local/lib/python3.10/dist-packages/auto_aim_interfaces/msg/_debug_armors.py\n'}
[0.227310] (auto_aim_interfaces) StdoutLine: {'line': b'-- Up-to-date: /home/xxx/HUN_sentry_xxx/pb2025_Nav/install/auto_aim_interfaces/local/lib/python3.10/dist-packages/auto_aim_interfaces/msg/_debug_lights.py\n'}
[0.227338] (auto_aim_interfaces) StdoutLine: {'line': b'-- Up-to-date: /home/xxx/HUN_sentry_xxx/pb2025_Nav/install/auto_aim_interfaces/local/lib/python3.10/dist-packages/auto_aim_interfaces/msg/_tracker_info_s.c\n'}
[0.227367] (auto_aim_interfaces) StdoutLine: {'line': b'-- Up-to-date: /home/xxx/HUN_sentry_xxx/pb2025_Nav/install/auto_aim_interfaces/local/lib/python3.10/dist-packages/auto_aim_interfaces/msg/_tracker_info.py\n'}
[0.227397] (auto_aim_interfaces) StdoutLine: {'line': b'-- Up-to-date: /home/xxx/HUN_sentry_xxx/pb2025_Nav/install/auto_aim_interfaces/local/lib/python3.10/dist-packages/auto_aim_interfaces/msg/_debug_lights_s.c\n'}
[0.227425] (auto_aim_interfaces) StdoutLine: {'line': b'-- Up-to-date: /home/xxx/HUN_sentry_xxx/pb2025_Nav/install/auto_aim_interfaces/local/lib/python3.10/dist-packages/auto_aim_interfaces/msg/_armor.py\n'}
[0.227454] (auto_aim_interfaces) StdoutLine: {'line': b'-- Up-to-date: /home/xxx/HUN_sentry_xxx/pb2025_Nav/install/auto_aim_interfaces/local/lib/python3.10/dist-packages/auto_aim_interfaces/msg/_debug_armor_s.c\n'}
[0.227482] (auto_aim_interfaces) StdoutLine: {'line': b'-- Up-to-date: /home/xxx/HUN_sentry_xxx/pb2025_Nav/install/auto_aim_interfaces/local/lib/python3.10/dist-packages/auto_aim_interfaces/msg/_debug_light_s.c\n'}
[0.227512] (auto_aim_interfaces) StdoutLine: {'line': b'-- Up-to-date: /home/xxx/HUN_sentry_xxx/pb2025_Nav/install/auto_aim_interfaces/local/lib/python3.10/dist-packages/auto_aim_interfaces/msg/_debug_armor.py\n'}
[0.227541] (auto_aim_interfaces) StdoutLine: {'line': b'-- Up-to-date: /home/xxx/HUN_sentry_xxx/pb2025_Nav/install/auto_aim_interfaces/local/lib/python3.10/dist-packages/auto_aim_interfaces/msg/_armor_s.c\n'}
[0.227571] (auto_aim_interfaces) StdoutLine: {'line': b'-- Up-to-date: /home/xxx/HUN_sentry_xxx/pb2025_Nav/install/auto_aim_interfaces/local/lib/python3.10/dist-packages/auto_aim_interfaces/msg/_armors_s.c\n'}
[0.227601] (auto_aim_interfaces) StdoutLine: {'line': b'-- Up-to-date: /home/xxx/HUN_sentry_xxx/pb2025_Nav/install/auto_aim_interfaces/local/lib/python3.10/dist-packages/auto_aim_interfaces/msg/__init__.py\n'}
[0.227628] (auto_aim_interfaces) StdoutLine: {'line': b'-- Up-to-date: /home/xxx/HUN_sentry_xxx/pb2025_Nav/install/auto_aim_interfaces/local/lib/python3.10/dist-packages/auto_aim_interfaces/auto_aim_interfaces_s__rosidl_typesupport_introspection_c.cpython-310-x86_64-linux-gnu.so\n'}
[0.227665] (auto_aim_interfaces) StdoutLine: {'line': b'-- Up-to-date: /home/xxx/HUN_sentry_xxx/pb2025_Nav/install/auto_aim_interfaces/local/lib/python3.10/dist-packages/auto_aim_interfaces/_auto_aim_interfaces_s.ep.rosidl_typesupport_c.c\n'}
[0.227693] (auto_aim_interfaces) StdoutLine: {'line': b'-- Up-to-date: /home/xxx/HUN_sentry_xxx/pb2025_Nav/install/auto_aim_interfaces/local/lib/python3.10/dist-packages/auto_aim_interfaces/_auto_aim_interfaces_s.ep.rosidl_typesupport_introspection_c.c\n'}
[0.227722] (auto_aim_interfaces) StdoutLine: {'line': b'-- Up-to-date: /home/xxx/HUN_sentry_xxx/pb2025_Nav/install/auto_aim_interfaces/local/lib/python3.10/dist-packages/auto_aim_interfaces/libauto_aim_interfaces__rosidl_generator_py.so\n'}
[0.227752] (auto_aim_interfaces) StdoutLine: {'line': b'-- Up-to-date: /home/xxx/HUN_sentry_xxx/pb2025_Nav/install/auto_aim_interfaces/local/lib/python3.10/dist-packages/auto_aim_interfaces/auto_aim_interfaces_s__rosidl_typesupport_c.cpython-310-x86_64-linux-gnu.so\n'}
[0.227781] (auto_aim_interfaces) StdoutLine: {'line': b'-- Up-to-date: /home/xxx/HUN_sentry_xxx/pb2025_Nav/install/auto_aim_interfaces/local/lib/python3.10/dist-packages/auto_aim_interfaces/_auto_aim_interfaces_s.ep.rosidl_typesupport_fastrtps_c.c\n'}
[0.227810] (auto_aim_interfaces) StdoutLine: {'line': b'-- Up-to-date: /home/xxx/HUN_sentry_xxx/pb2025_Nav/install/auto_aim_interfaces/local/lib/python3.10/dist-packages/auto_aim_interfaces/auto_aim_interfaces_s__rosidl_typesupport_fastrtps_c.cpython-310-x86_64-linux-gnu.so\n'}
[0.227842] (auto_aim_interfaces) StdoutLine: {'line': b'-- Up-to-date: /home/xxx/HUN_sentry_xxx/pb2025_Nav/install/auto_aim_interfaces/local/lib/python3.10/dist-packages/auto_aim_interfaces/__init__.py\n'}
[0.244000] (auto_aim_interfaces) StdoutLine: {'line': b"Listing '/home/xxx/HUN_sentry_xxx/pb2025_Nav/install/auto_aim_interfaces/local/lib/python3.10/dist-packages/auto_aim_interfaces'...\n"}
[0.244082] (auto_aim_interfaces) StdoutLine: {'line': b"Listing '/home/xxx/HUN_sentry_xxx/pb2025_Nav/install/auto_aim_interfaces/local/lib/python3.10/dist-packages/auto_aim_interfaces/msg'...\n"}
[0.247479] (auto_aim_interfaces) StdoutLine: {'line': b'-- Up-to-date: /home/xxx/HUN_sentry_xxx/pb2025_Nav/install/auto_aim_interfaces/local/lib/python3.10/dist-packages/auto_aim_interfaces/auto_aim_interfaces_s__rosidl_typesupport_fastrtps_c.cpython-310-x86_64-linux-gnu.so\n'}
[0.247703] (auto_aim_interfaces) StdoutLine: {'line': b'-- Up-to-date: /home/xxx/HUN_sentry_xxx/pb2025_Nav/install/auto_aim_interfaces/local/lib/python3.10/dist-packages/auto_aim_interfaces/auto_aim_interfaces_s__rosidl_typesupport_introspection_c.cpython-310-x86_64-linux-gnu.so\n'}
[0.247935] (auto_aim_interfaces) StdoutLine: {'line': b'-- Up-to-date: /home/xxx/HUN_sentry_xxx/pb2025_Nav/install/auto_aim_interfaces/local/lib/python3.10/dist-packages/auto_aim_interfaces/auto_aim_interfaces_s__rosidl_typesupport_c.cpython-310-x86_64-linux-gnu.so\n'}
[0.248202] (auto_aim_interfaces) StdoutLine: {'line': b'-- Up-to-date: /home/xxx/HUN_sentry_xxx/pb2025_Nav/install/auto_aim_interfaces/lib/libauto_aim_interfaces__rosidl_generator_py.so\n'}
[0.248415] (auto_aim_interfaces) StdoutLine: {'line': b'-- Up-to-date: /home/xxx/HUN_sentry_xxx/pb2025_Nav/install/auto_aim_interfaces/share/ament_index/resource_index/rust_packages/auto_aim_interfaces\n'}
[0.248521] (auto_aim_interfaces) StdoutLine: {'line': b'-- Up-to-date: /home/xxx/HUN_sentry_xxx/pb2025_Nav/install/auto_aim_interfaces/share/auto_aim_interfaces/rust\n'}
[0.248558] (auto_aim_interfaces) StdoutLine: {'line': b'-- Up-to-date: /home/xxx/HUN_sentry_xxx/pb2025_Nav/install/auto_aim_interfaces/share/auto_aim_interfaces/rust/src\n'}
[0.248623] (auto_aim_interfaces) StdoutLine: {'line': b'-- Up-to-date: /home/xxx/HUN_sentry_xxx/pb2025_Nav/install/auto_aim_interfaces/share/auto_aim_interfaces/rust/src/msg.rs\n'}
[0.249283] (auto_aim_interfaces) StdoutLine: {'line': b'-- Up-to-date: /home/xxx/HUN_sentry_xxx/pb2025_Nav/install/auto_aim_interfaces/share/auto_aim_interfaces/rust/src/msg\n'}
[0.249399] (auto_aim_interfaces) StdoutLine: {'line': b'-- Up-to-date: /home/xxx/HUN_sentry_xxx/pb2025_Nav/install/auto_aim_interfaces/share/auto_aim_interfaces/rust/src/msg/rmw.rs\n'}
[0.249485] (auto_aim_interfaces) StdoutLine: {'line': b'-- Up-to-date: /home/xxx/HUN_sentry_xxx/pb2025_Nav/install/auto_aim_interfaces/share/auto_aim_interfaces/rust/src/lib.rs\n'}
[0.249543] (auto_aim_interfaces) StdoutLine: {'line': b'-- Up-to-date: /home/xxx/HUN_sentry_xxx/pb2025_Nav/install/auto_aim_interfaces/share/auto_aim_interfaces/rust/build.rs\n'}
[0.249638] (auto_aim_interfaces) StdoutLine: {'line': b'-- Up-to-date: /home/xxx/HUN_sentry_xxx/pb2025_Nav/install/auto_aim_interfaces/share/auto_aim_interfaces/rust/Cargo.toml\n'}
[0.249704] (auto_aim_interfaces) StdoutLine: {'line': b'-- Up-to-date: /home/xxx/HUN_sentry_xxx/pb2025_Nav/install/auto_aim_interfaces/share/auto_aim_interfaces/msg/Armor.idl\n'}
[0.249783] (auto_aim_interfaces) StdoutLine: {'line': b'-- Up-to-date: /home/xxx/HUN_sentry_xxx/pb2025_Nav/install/auto_aim_interfaces/share/auto_aim_interfaces/msg/Armors.idl\n'}
[0.249885] (auto_aim_interfaces) StdoutLine: {'line': b'-- Up-to-date: /home/xxx/HUN_sentry_xxx/pb2025_Nav/install/auto_aim_interfaces/share/auto_aim_interfaces/msg/Target.idl\n'}
[0.249995] (auto_aim_interfaces) StdoutLine: {'line': b'-- Up-to-date: /home/xxx/HUN_sentry_xxx/pb2025_Nav/install/auto_aim_interfaces/share/auto_aim_interfaces/msg/DebugLight.idl\n'}
[0.250065] (auto_aim_interfaces) StdoutLine: {'line': b'-- Up-to-date: /home/xxx/HUN_sentry_xxx/pb2025_Nav/install/auto_aim_interfaces/share/auto_aim_interfaces/msg/DebugLights.idl\n'}
[0.250173] (auto_aim_interfaces) StdoutLine: {'line': b'-- Up-to-date: /home/xxx/HUN_sentry_xxx/pb2025_Nav/install/auto_aim_interfaces/share/auto_aim_interfaces/msg/DebugArmor.idl\n'}
[0.250284] (auto_aim_interfaces) StdoutLine: {'line': b'-- Up-to-date: /home/xxx/HUN_sentry_xxx/pb2025_Nav/install/auto_aim_interfaces/share/auto_aim_interfaces/msg/DebugArmors.idl\n'}
[0.250339] (auto_aim_interfaces) StdoutLine: {'line': b'-- Up-to-date: /home/xxx/HUN_sentry_xxx/pb2025_Nav/install/auto_aim_interfaces/share/auto_aim_interfaces/msg/TrackerInfo.idl\n'}
[0.250376] (auto_aim_interfaces) StdoutLine: {'line': b'-- Up-to-date: /home/xxx/HUN_sentry_xxx/pb2025_Nav/install/auto_aim_interfaces/share/auto_aim_interfaces/msg/Armor.msg\n'}
[0.250411] (auto_aim_interfaces) StdoutLine: {'line': b'-- Up-to-date: /home/xxx/HUN_sentry_xxx/pb2025_Nav/install/auto_aim_interfaces/share/auto_aim_interfaces/msg/Armors.msg\n'}
[0.250458] (auto_aim_interfaces) StdoutLine: {'line': b'-- Up-to-date: /home/xxx/HUN_sentry_xxx/pb2025_Nav/install/auto_aim_interfaces/share/auto_aim_interfaces/msg/Target.msg\n'}
[0.250492] (auto_aim_interfaces) StdoutLine: {'line': b'-- Up-to-date: /home/xxx/HUN_sentry_xxx/pb2025_Nav/install/auto_aim_interfaces/share/auto_aim_interfaces/msg/DebugLight.msg\n'}
[0.250543] (auto_aim_interfaces) StdoutLine: {'line': b'-- Up-to-date: /home/xxx/HUN_sentry_xxx/pb2025_Nav/install/auto_aim_interfaces/share/auto_aim_interfaces/msg/DebugLights.msg\n'}
[0.250651] (auto_aim_interfaces) StdoutLine: {'line': b'-- Up-to-date: /home/xxx/HUN_sentry_xxx/pb2025_Nav/install/auto_aim_interfaces/share/auto_aim_interfaces/msg/DebugArmor.msg\n'}
[0.250686] (auto_aim_interfaces) StdoutLine: {'line': b'-- Up-to-date: /home/xxx/HUN_sentry_xxx/pb2025_Nav/install/auto_aim_interfaces/share/auto_aim_interfaces/msg/DebugArmors.msg\n'}
[0.250715] (auto_aim_interfaces) StdoutLine: {'line': b'-- Up-to-date: /home/xxx/HUN_sentry_xxx/pb2025_Nav/install/auto_aim_interfaces/share/auto_aim_interfaces/msg/TrackerInfo.msg\n'}
[0.250747] (auto_aim_interfaces) StdoutLine: {'line': b'-- Up-to-date: /home/xxx/HUN_sentry_xxx/pb2025_Nav/install/auto_aim_interfaces/share/ament_index/resource_index/package_run_dependencies/auto_aim_interfaces\n'}
[0.250778] (auto_aim_interfaces) StdoutLine: {'line': b'-- Up-to-date: /home/xxx/HUN_sentry_xxx/pb2025_Nav/install/auto_aim_interfaces/share/ament_index/resource_index/parent_prefix_path/auto_aim_interfaces\n'}
[0.250810] (auto_aim_interfaces) StdoutLine: {'line': b'-- Up-to-date: /home/xxx/HUN_sentry_xxx/pb2025_Nav/install/auto_aim_interfaces/share/auto_aim_interfaces/environment/ament_prefix_path.sh\n'}
[0.250840] (auto_aim_interfaces) StdoutLine: {'line': b'-- Up-to-date: /home/xxx/HUN_sentry_xxx/pb2025_Nav/install/auto_aim_interfaces/share/auto_aim_interfaces/environment/ament_prefix_path.dsv\n'}
[0.250869] (auto_aim_interfaces) StdoutLine: {'line': b'-- Up-to-date: /home/xxx/HUN_sentry_xxx/pb2025_Nav/install/auto_aim_interfaces/share/auto_aim_interfaces/environment/path.sh\n'}
[0.250898] (auto_aim_interfaces) StdoutLine: {'line': b'-- Up-to-date: /home/xxx/HUN_sentry_xxx/pb2025_Nav/install/auto_aim_interfaces/share/auto_aim_interfaces/environment/path.dsv\n'}
[0.250928] (auto_aim_interfaces) StdoutLine: {'line': b'-- Up-to-date: /home/xxx/HUN_sentry_xxx/pb2025_Nav/install/auto_aim_interfaces/share/auto_aim_interfaces/local_setup.bash\n'}
[0.250958] (auto_aim_interfaces) StdoutLine: {'line': b'-- Up-to-date: /home/xxx/HUN_sentry_xxx/pb2025_Nav/install/auto_aim_interfaces/share/auto_aim_interfaces/local_setup.sh\n'}
[0.250987] (auto_aim_interfaces) StdoutLine: {'line': b'-- Up-to-date: /home/xxx/HUN_sentry_xxx/pb2025_Nav/install/auto_aim_interfaces/share/auto_aim_interfaces/local_setup.zsh\n'}
[0.251021] (auto_aim_interfaces) StdoutLine: {'line': b'-- Up-to-date: /home/xxx/HUN_sentry_xxx/pb2025_Nav/install/auto_aim_interfaces/share/auto_aim_interfaces/local_setup.dsv\n'}
[0.251055] (auto_aim_interfaces) StdoutLine: {'line': b'-- Installing: /home/xxx/HUN_sentry_xxx/pb2025_Nav/install/auto_aim_interfaces/share/auto_aim_interfaces/package.dsv\n'}
[0.251085] (auto_aim_interfaces) StdoutLine: {'line': b'-- Up-to-date: /home/xxx/HUN_sentry_xxx/pb2025_Nav/install/auto_aim_interfaces/share/ament_index/resource_index/packages/auto_aim_interfaces\n'}
[0.251114] (auto_aim_interfaces) StdoutLine: {'line': b'-- Up-to-date: /home/xxx/HUN_sentry_xxx/pb2025_Nav/install/auto_aim_interfaces/share/auto_aim_interfaces/cmake/export_auto_aim_interfaces__rosidl_generator_cExport.cmake\n'}
[0.251144] (auto_aim_interfaces) StdoutLine: {'line': b'-- Up-to-date: /home/xxx/HUN_sentry_xxx/pb2025_Nav/install/auto_aim_interfaces/share/auto_aim_interfaces/cmake/export_auto_aim_interfaces__rosidl_generator_cExport-noconfig.cmake\n'}
[0.251174] (auto_aim_interfaces) StdoutLine: {'line': b'-- Up-to-date: /home/xxx/HUN_sentry_xxx/pb2025_Nav/install/auto_aim_interfaces/share/auto_aim_interfaces/cmake/export_auto_aim_interfaces__rosidl_typesupport_fastrtps_cExport.cmake\n'}
[0.251203] (auto_aim_interfaces) StdoutLine: {'line': b'-- Up-to-date: /home/xxx/HUN_sentry_xxx/pb2025_Nav/install/auto_aim_interfaces/share/auto_aim_interfaces/cmake/export_auto_aim_interfaces__rosidl_typesupport_fastrtps_cExport-noconfig.cmake\n'}
[0.251233] (auto_aim_interfaces) StdoutLine: {'line': b'-- Up-to-date: /home/xxx/HUN_sentry_xxx/pb2025_Nav/install/auto_aim_interfaces/share/auto_aim_interfaces/cmake/auto_aim_interfaces__rosidl_typesupport_introspection_cExport.cmake\n'}
[0.251264] (auto_aim_interfaces) StdoutLine: {'line': b'-- Up-to-date: /home/xxx/HUN_sentry_xxx/pb2025_Nav/install/auto_aim_interfaces/share/auto_aim_interfaces/cmake/auto_aim_interfaces__rosidl_typesupport_introspection_cExport-noconfig.cmake\n'}
[0.251298] (auto_aim_interfaces) StdoutLine: {'line': b'-- Up-to-date: /home/xxx/HUN_sentry_xxx/pb2025_Nav/install/auto_aim_interfaces/share/auto_aim_interfaces/cmake/auto_aim_interfaces__rosidl_typesupport_cExport.cmake\n'}
[0.251328] (auto_aim_interfaces) StdoutLine: {'line': b'-- Up-to-date: /home/xxx/HUN_sentry_xxx/pb2025_Nav/install/auto_aim_interfaces/share/auto_aim_interfaces/cmake/auto_aim_interfaces__rosidl_typesupport_cExport-noconfig.cmake\n'}
[0.251357] (auto_aim_interfaces) StdoutLine: {'line': b'-- Up-to-date: /home/xxx/HUN_sentry_xxx/pb2025_Nav/install/auto_aim_interfaces/share/auto_aim_interfaces/cmake/export_auto_aim_interfaces__rosidl_generator_cppExport.cmake\n'}
[0.251385] (auto_aim_interfaces) StdoutLine: {'line': b'-- Up-to-date: /home/xxx/HUN_sentry_xxx/pb2025_Nav/install/auto_aim_interfaces/share/auto_aim_interfaces/cmake/export_auto_aim_interfaces__rosidl_typesupport_fastrtps_cppExport.cmake\n'}
[0.251416] (auto_aim_interfaces) StdoutLine: {'line': b'-- Up-to-date: /home/xxx/HUN_sentry_xxx/pb2025_Nav/install/auto_aim_interfaces/share/auto_aim_interfaces/cmake/export_auto_aim_interfaces__rosidl_typesupport_fastrtps_cppExport-noconfig.cmake\n'}
[0.251449] (auto_aim_interfaces) StdoutLine: {'line': b'-- Up-to-date: /home/xxx/HUN_sentry_xxx/pb2025_Nav/install/auto_aim_interfaces/share/auto_aim_interfaces/cmake/auto_aim_interfaces__rosidl_typesupport_introspection_cppExport.cmake\n'}
[0.251479] (auto_aim_interfaces) StdoutLine: {'line': b'-- Up-to-date: /home/xxx/HUN_sentry_xxx/pb2025_Nav/install/auto_aim_interfaces/share/auto_aim_interfaces/cmake/auto_aim_interfaces__rosidl_typesupport_introspection_cppExport-noconfig.cmake\n'}
[0.251509] (auto_aim_interfaces) StdoutLine: {'line': b'-- Up-to-date: /home/xxx/HUN_sentry_xxx/pb2025_Nav/install/auto_aim_interfaces/share/auto_aim_interfaces/cmake/auto_aim_interfaces__rosidl_typesupport_cppExport.cmake\n'}
[0.251538] (auto_aim_interfaces) StdoutLine: {'line': b'-- Up-to-date: /home/xxx/HUN_sentry_xxx/pb2025_Nav/install/auto_aim_interfaces/share/auto_aim_interfaces/cmake/auto_aim_interfaces__rosidl_typesupport_cppExport-noconfig.cmake\n'}
[0.251568] (auto_aim_interfaces) StdoutLine: {'line': b'-- Up-to-date: /home/xxx/HUN_sentry_xxx/pb2025_Nav/install/auto_aim_interfaces/share/auto_aim_interfaces/cmake/export_auto_aim_interfaces__rosidl_generator_pyExport.cmake\n'}
[0.251598] (auto_aim_interfaces) StdoutLine: {'line': b'-- Up-to-date: /home/xxx/HUN_sentry_xxx/pb2025_Nav/install/auto_aim_interfaces/share/auto_aim_interfaces/cmake/export_auto_aim_interfaces__rosidl_generator_pyExport-noconfig.cmake\n'}
[0.251627] (auto_aim_interfaces) StdoutLine: {'line': b'-- Up-to-date: /home/xxx/HUN_sentry_xxx/pb2025_Nav/install/auto_aim_interfaces/share/auto_aim_interfaces/cmake/rosidl_cmake-extras.cmake\n'}
[0.251656] (auto_aim_interfaces) StdoutLine: {'line': b'-- Up-to-date: /home/xxx/HUN_sentry_xxx/pb2025_Nav/install/auto_aim_interfaces/share/auto_aim_interfaces/cmake/ament_cmake_export_dependencies-extras.cmake\n'}
[0.251684] (auto_aim_interfaces) StdoutLine: {'line': b'-- Up-to-date: /home/xxx/HUN_sentry_xxx/pb2025_Nav/install/auto_aim_interfaces/share/auto_aim_interfaces/cmake/ament_cmake_export_include_directories-extras.cmake\n'}
[0.251715] (auto_aim_interfaces) StdoutLine: {'line': b'-- Up-to-date: /home/xxx/HUN_sentry_xxx/pb2025_Nav/install/auto_aim_interfaces/share/auto_aim_interfaces/cmake/ament_cmake_export_libraries-extras.cmake\n'}
[0.251744] (auto_aim_interfaces) StdoutLine: {'line': b'-- Up-to-date: /home/xxx/HUN_sentry_xxx/pb2025_Nav/install/auto_aim_interfaces/share/auto_aim_interfaces/cmake/ament_cmake_export_targets-extras.cmake\n'}
[0.251773] (auto_aim_interfaces) StdoutLine: {'line': b'-- Up-to-date: /home/xxx/HUN_sentry_xxx/pb2025_Nav/install/auto_aim_interfaces/share/auto_aim_interfaces/cmake/rosidl_cmake_export_typesupport_targets-extras.cmake\n'}
[0.251802] (auto_aim_interfaces) StdoutLine: {'line': b'-- Up-to-date: /home/xxx/HUN_sentry_xxx/pb2025_Nav/install/auto_aim_interfaces/share/auto_aim_interfaces/cmake/rosidl_cmake_export_typesupport_libraries-extras.cmake\n'}
[0.251830] (auto_aim_interfaces) StdoutLine: {'line': b'-- Up-to-date: /home/xxx/HUN_sentry_xxx/pb2025_Nav/install/auto_aim_interfaces/share/auto_aim_interfaces/cmake/auto_aim_interfacesConfig.cmake\n'}
[0.251859] (auto_aim_interfaces) StdoutLine: {'line': b'-- Up-to-date: /home/xxx/HUN_sentry_xxx/pb2025_Nav/install/auto_aim_interfaces/share/auto_aim_interfaces/cmake/auto_aim_interfacesConfig-version.cmake\n'}
[0.251894] (auto_aim_interfaces) StdoutLine: {'line': b'-- Up-to-date: /home/xxx/HUN_sentry_xxx/pb2025_Nav/install/auto_aim_interfaces/share/auto_aim_interfaces/package.xml\n'}
[0.252295] (auto_aim_interfaces) CommandEnded: {'returncode': 0}
[0.263996] (auto_aim_interfaces) JobEnded: {'identifier': 'auto_aim_interfaces', 'rc': 0}
[0.264616] (nav_bridge) JobStarted: {'identifier': 'nav_bridge'}
[0.269403] (nav_bridge) JobProgress: {'identifier': 'nav_bridge', 'progress': 'cmake'}
[0.269763] (nav_bridge) Command: {'cmd': ['/usr/bin/cmake', '/home/xxx/HUN_sentry_xxx/pb2025_Nav/src/nav_bridge', '-DCMAKE_INSTALL_PREFIX=/home/xxx/HUN_sentry_xxx/pb2025_Nav/install/nav_bridge'], 'cwd': '/home/xxx/HUN_sentry_xxx/pb2025_Nav/build/nav_bridge', 'env': OrderedDict([('GJS_DEBUG_TOPICS', 'JS ERROR;JS LOG'), ('PYTHON_BASIC_REPL', '1'), ('LESSOPEN', '| /usr/bin/lesspipe %s'), ('MVS_PATH', '/opt/MVS'), ('AI_AGENT', 'TRAE'), ('LANGUAGE', 'zh_CN:zh:en_US:en'), ('TENSORRT_DIR', '/home/xxx/nvidia_libs/TensorRT-8.4.2.4'), ('USER', 'xxx'), ('LC_TIME', 'zh_CN.UTF-8'), ('XDG_SESSION_TYPE', 'x11'), ('ALLUSERSPROFILE', '/opt/MVS/MVFG'), ('GIT_ASKPASS', '/usr/share/trae-cn/resources/app/extensions/git/dist/askpass.sh'), ('SHLVL', '1'), ('LD_LIBRARY_PATH', '/home/xxx/HUN_sentry_xxx/pb2025_Nav/install/auto_aim_interfaces/lib:/usr/local/cuda-12.4/lib64:/opt/MVS/lib/64:/home/xxx/nvidia_libs/TensorRT-8.4.2.4/lib:/opt/MVS/lib/64:/opt/MVS/lib/32:/opt/ros/humble/opt/rviz_ogre_vendor/lib:/opt/ros/humble/lib/x86_64-linux-gnu:/opt/ros/humble/lib:/opt/MVS/lib/64:/opt/MVS/lib/32:/opt/MVS/lib/64:/opt/MVS/lib/32'), ('HOME', '/home/xxx'), ('CHROME_DESKTOP', 'trae-cn.desktop'), ('OLDPWD', '/home/xxx/HUN_sentry_xxx/sk2026_xxx_version'), ('TERM_PROGRAM_VERSION', '1.107.1'), ('DESKTOP_SESSION', 'ubuntu'), ('GIO_LAUNCHED_DESKTOP_FILE', '/usr/share/applications/trae-cn.desktop'), ('TRAE_SANDBOX_CLI_PATH', '/usr/share/trae-cn/resources/app/modules/sandbox/trae-sandbox'), ('ROS_PYTHON_VERSION', '3'), ('GNOME_SHELL_SESSION_MODE', 'ubuntu'), ('GTK_MODULES', 'gail:atk-bridge'), ('PAGER', ''), ('VSCODE_GIT_ASKPASS_MAIN', '/usr/share/trae-cn/resources/app/extensions/git/dist/askpass-main.js'), ('LC_MONETARY', 'zh_CN.UTF-8'), ('VSCODE_GIT_ASKPASS_NODE', '/usr/share/trae-cn/trae-cn'), ('MANAGERPID', '2015'), ('TRAE_AI_SHELL_ID', '4'), ('TRAE_SANDBOX_SOURCE_FLAG_PATH', '/tmp/sandbox-source-flag-68af22aa-5130-4d14-ba29-aada38336179'), ('PYDEVD_DISABLE_FILE_VALIDATION', '1'), ('SYSTEMD_EXEC_PID', '2301'), ('BUNDLED_DEBUGPY_PATH', '/home/xxx/.trae-cn/extensions/ms-python.debugpy-2026.6.0-linux-x64/bundled/libs/debugpy'), ('VSCODE_PYTHON_AUTOACTIVATE_GUARD', '1'), ('DBUS_SESSION_BUS_ADDRESS', 'unix:path=/run/user/1000/bus'), ('COLORTERM', 'truecolor'), ('isArchMatched', '1'), ('GIO_LAUNCHED_DESKTOP_FILE_PID', '4522'), ('TRAE_JWT_TOKEN_PATH', '/home/xxx/.trae-cn/trae-jwt-token'), ('TRAE_SANDBOX_STORAGE_PATH', '/home/xxx/.config/Trae CN/ModularData/ai-agent/sandbox'), ('SAFE_RM_AUTO_ADD_TEMP', '1'), ('IM_CONFIG_PHASE', '1'), ('ROS_DISTRO', 'humble'), ('GTK_IM_MODULE', 'fcitx'), ('LOGNAME', 'xxx'), ('SAFE_RM_DENIED_PATH', '/home/xxx/HUN_sentry_xxx/.vscode:/home/xxx/HUN_sentry_xxx/.vscode:/home/xxx/HUN_sentry_xxx/.trae:/home/xxx/HUN_sentry_xxx/.trae:/home/xxx/HUN_sentry_xxx/.git:/home/xxx/HUN_sentry_xxx/.git'), ('JOURNAL_STREAM', '8:33942'), ('_', '/usr/bin/colcon'), ('ROS_VERSION', '2'), ('XDG_SESSION_CLASS', 'user'), ('USERNAME', 'xxx'), ('TERM', 'xterm-256color'), ('GNOME_DESKTOP_SESSION_ID', 'this-is-deprecated'), ('TRAE_SANDBOX_LOG_DIR', '/home/xxx/.config/Trae CN/logs/20260529T111118/Modular'), ('FC_FONTATIONS', '1'), ('ROS_LOCALHOST_ONLY', '0'), ('HISTCONTROL', 'ignorespace'), ('WINDOWPATH', '2'), ('MVCAM_SDK_PATH', '/opt/MVS'), ('PATH', '/home/xxx/.trae-cn/tools/trae-gopls/current:/home/xxx/.trae-cn/sdks/workspaces/1193382c/versions/node/current:/home/xxx/.trae-cn/sdks/versions/node/current:/usr/local/cuda-12.4/bin:/home/xxx/nvidia_libs/TensorRT-8.4.2.4/bin:/opt/ros/humble/bin:/home/xxx/.local/bin:/usr/local/sbin:/usr/local/bin:/usr/sbin:/usr/bin:/sbin:/bin:/usr/games:/usr/local/games:/snap/bin:/snap/bin'), ('SESSION_MANAGER', 'local/xxx:@/tmp/.ICE-unix/2274,unix/xxx:/tmp/.ICE-unix/2274'), ('INVOCATION_ID', '0635d3669d874d1d81998d3ce24af996'), ('MVCAM_GENICAM_CLPROTOCOL', '/opt/MVS/lib/CLProtocol'), ('XDG_MENU_PREFIX', 'gnome-'), ('LC_ADDRESS', 'zh_CN.UTF-8'), ('XDG_RUNTIME_DIR', '/run/user/1000'), ('GDK_BACKEND', 'x11'), ('DISPLAY', ':1'), ('FILESYSTEM_CASE_SENSITIVE', 'true'), ('VSCODE_DEBUGPY_ADAPTER_ENDPOINTS', '/home/xxx/.trae-cn/extensions/ms-python.debugpy-2026.6.0-linux-x64/.noConfigDebugAdapterEndpoints/endpoint-54b2b4dd95f56e7e.txt'), ('LANG', 'zh_CN.UTF-8'), ('XDG_CURRENT_DESKTOP', 'ubuntu:GNOME'), ('PYTHONSTARTUP', '/home/xxx/.config/Trae CN/User/workspaceStorage/1193382c88a709bb2cc56e828d812075/ms-python.python/pythonrc.py'), ('LC_TELEPHONE', 'zh_CN.UTF-8'), ('TRAE_SANDBOX_CONFIG_NAME', '6a1446c480a3af9f3db86f84'), ('XMODIFIERS', '@im=fcitx'), ('TRAE_SANDBOX_DUMP_DIR', '/home/xxx/.config/Trae CN/Crashpad/sandbox-pending'), ('XDG_SESSION_DESKTOP', 'ubuntu'), ('XAUTHORITY', '/run/user/1000/gdm/Xauthority'), ('TRAE_BRAND_NAME', 'Trae CN'), ('LS_COLORS', 'rs=0:di=01;34:ln=01;36:mh=00:pi=40;33:so=01;35:do=01;35:bd=40;33;01:cd=40;33;01:or=40;31;01:mi=00:su=37;41:sg=30;43:ca=30;41:tw=30;42:ow=34;42:st=37;44:ex=01;32:*.tar=01;31:*.tgz=01;31:*.arc=01;31:*.arj=01;31:*.taz=01;31:*.lha=01;31:*.lz4=01;31:*.lzh=01;31:*.lzma=01;31:*.tlz=01;31:*.txz=01;31:*.tzo=01;31:*.t7z=01;31:*.zip=01;31:*.z=01;31:*.dz=01;31:*.gz=01;31:*.lrz=01;31:*.lz=01;31:*.lzo=01;31:*.xz=01;31:*.zst=01;31:*.tzst=01;31:*.bz2=01;31:*.bz=01;31:*.tbz=01;31:*.tbz2=01;31:*.tz=01;31:*.deb=01;31:*.rpm=01;31:*.jar=01;31:*.war=01;31:*.ear=01;31:*.sar=01;31:*.rar=01;31:*.alz=01;31:*.ace=01;31:*.zoo=01;31:*.cpio=01;31:*.7z=01;31:*.rz=01;31:*.cab=01;31:*.wim=01;31:*.swm=01;31:*.dwm=01;31:*.esd=01;31:*.jpg=01;35:*.jpeg=01;35:*.mjpg=01;35:*.mjpeg=01;35:*.gif=01;35:*.bmp=01;35:*.pbm=01;35:*.pgm=01;35:*.ppm=01;35:*.tga=01;35:*.xbm=01;35:*.xpm=01;35:*.tif=01;35:*.tiff=01;35:*.png=01;35:*.svg=01;35:*.svgz=01;35:*.mng=01;35:*.pcx=01;35:*.mov=01;35:*.mpg=01;35:*.mpeg=01;35:*.m2v=01;35:*.mkv=01;35:*.webm=01;35:*.webp=01;35:*.ogm=01;35:*.mp4=01;35:*.m4v=01;35:*.mp4v=01;35:*.vob=01;35:*.qt=01;35:*.nuv=01;35:*.wmv=01;35:*.asf=01;35:*.rm=01;35:*.rmvb=01;35:*.flc=01;35:*.avi=01;35:*.fli=01;35:*.flv=01;35:*.gl=01;35:*.dl=01;35:*.xcf=01;35:*.xwd=01;35:*.yuv=01;35:*.cgm=01;35:*.emf=01;35:*.ogv=01;35:*.ogx=01;35:*.aac=00;36:*.au=00;36:*.flac=00;36:*.m4a=00;36:*.mid=00;36:*.midi=00;36:*.mka=00;36:*.mp3=00;36:*.mpc=00;36:*.ogg=00;36:*.ra=00;36:*.wav=00;36:*.oga=00;36:*.opus=00;36:*.spx=00;36:*.xspf=00;36:'), ('VSCODE_GIT_IPC_HANDLE', '/run/user/1000/vscode-git-a9e8fd90e9.sock'), ('TERM_PROGRAM', 'vscode'), ('SSH_AGENT_LAUNCHER', 'gnome-keyring'), ('SSH_AUTH_SOCK', '/run/user/1000/keyring/ssh'), ('AMENT_PREFIX_PATH', '/home/xxx/HUN_sentry_xxx/pb2025_Nav/install/auto_aim_interfaces:/opt/ros/humble'), ('SHELL', '/bin/bash'), ('LC_NAME', 'zh_CN.UTF-8'), ('__trae_PS1', '\\n(TraeAI-4) \\w [$?] $'), ('QT_ACCESSIBILITY', '1'), ('GDMSESSION', 'ubuntu'), ('LESSCLOSE', '/usr/bin/lesspipe %s %s'), ('LC_MEASUREMENT', 'zh_CN.UTF-8'), ('TRAE_SANDBOX_TRACE_FILE', '/tmp/trae_sandbox_trace_3bb584d3-1bc2-43a7-8882-694a8f263c62.jsonl'), ('GPG_AGENT_INFO', '/run/user/1000/gnupg/S.gpg-agent:0:1'), ('GJS_DEBUG_OUTPUT', 'stderr'), ('LC_IDENTIFICATION', 'zh_CN.UTF-8'), ('VSCODE_GIT_ASKPASS_EXTRA_ARGS', ''), ('GIT_PAGER', ''), ('QT_IM_MODULE', 'fcitx'), ('PWD', '/home/xxx/HUN_sentry_xxx/pb2025_Nav/build/nav_bridge'), ('SAFE_RM_ALLOWED_PATH', '/home/xxx/HUN_sentry_xxx:/home/xxx/HUN_sentry_xxx:/home/xxx/.trae-cn/memory'), ('XDG_CONFIG_DIRS', '/etc/xdg/xdg-ubuntu:/etc/xdg'), ('TERM_PRODUCT', 'Trae'), ('CLUTTER_IM_MODULE', 'fcitx'), ('XDG_DATA_DIRS', '/usr/share/ubuntu:/usr/share/gnome:/usr/local/share/:/usr/share/:/var/lib/snapd/desktop'), ('PYTHONPATH', '/home/xxx/HUN_sentry_xxx/pb2025_Nav/install/auto_aim_interfaces/local/lib/python3.10/dist-packages:/opt/ros/humble/lib/python3.10/site-packages:/opt/ros/humble/local/lib/python3.10/dist-packages'), ('SAFE_RM_PROTECTION_FLAG', '/tmp/safe-rm-protection-flag-379acff7-1dfc-40ed-a93c-4ed71778d190'), ('LC_NUMERIC', 'zh_CN.UTF-8'), ('MVCAM_SDK_VERSION', ''), ('LC_PAPER', 'zh_CN.UTF-8'), ('COLCON', '1'), ('SAFE_RM_SOURCE_FLAG', '/tmp/safe-rm-source-flag-8f654204-6e11-48f7-9311-c980eda505b1'), ('MVCAM_COMMON_RUNENV', '/opt/MVS/lib'), ('CMAKE_PREFIX_PATH', '/home/xxx/HUN_sentry_xxx/pb2025_Nav/install/auto_aim_interfaces:/opt/ros/humble')]), 'shell': False}
[0.278451] (nav_bridge) StdoutLine: {'line': b'-- Found ament_cmake: 1.3.14 (/opt/ros/humble/share/ament_cmake/cmake)\n'}
[0.299937] (-) TimerEvent: {}
[0.348585] (nav_bridge) StdoutLine: {'line': b'-- Found rclcpp: 16.0.19 (/opt/ros/humble/share/rclcpp/cmake)\n'}
[0.364832] (nav_bridge) StdoutLine: {'line': b'-- Found rosidl_generator_c: 3.1.8 (/opt/ros/humble/share/rosidl_generator_c/cmake)\n'}
[0.366159] (nav_bridge) StdoutLine: {'line': b'-- Found rosidl_adapter: 3.1.8 (/opt/ros/humble/share/rosidl_adapter/cmake)\n'}
[0.369356] (nav_bridge) StdoutLine: {'line': b'-- Found rosidl_generator_cpp: 3.1.8 (/opt/ros/humble/share/rosidl_generator_cpp/cmake)\n'}
[0.374181] (nav_bridge) StdoutLine: {'line': b'-- Using all available rosidl_typesupport_c: rosidl_typesupport_fastrtps_c;rosidl_typesupport_introspection_c\n'}
[0.380405] (nav_bridge) StdoutLine: {'line': b'-- Using all available rosidl_typesupport_cpp: rosidl_typesupport_fastrtps_cpp;rosidl_typesupport_introspection_cpp\n'}
[0.396417] (nav_bridge) StdoutLine: {'line': b'-- Found rmw_implementation_cmake: 6.1.2 (/opt/ros/humble/share/rmw_implementation_cmake/cmake)\n'}
[0.397114] (nav_bridge) StdoutLine: {'line': b'-- Found rmw_fastrtps_cpp: 6.2.10 (/opt/ros/humble/share/rmw_fastrtps_cpp/cmake)\n'}
[0.400040] (-) TimerEvent: {}
[0.467548] (nav_bridge) StdoutLine: {'line': b"-- Using RMW implementation 'rmw_fastrtps_cpp' as default\n"}
[0.492890] (nav_bridge) StdoutLine: {'line': b'-- Found geometry_msgs: 4.9.1 (/opt/ros/humble/share/geometry_msgs/cmake)\n'}
[0.498936] (nav_bridge) StdoutLine: {'line': b'-- Found sensor_msgs: 4.9.1 (/opt/ros/humble/share/sensor_msgs/cmake)\n'}
[0.500114] (-) TimerEvent: {}
[0.507628] (nav_bridge) StdoutLine: {'line': b'-- Found example_interfaces: 0.9.3 (/opt/ros/humble/share/example_interfaces/cmake)\n'}
[0.525964] (nav_bridge) StdoutLine: {'line': b'-- Found auto_aim_interfaces: 0.0.0 (/home/xxx/HUN_sentry_xxx/pb2025_Nav/install/auto_aim_interfaces/share/auto_aim_interfaces/cmake)\n'}
[0.569442] (nav_bridge) StdoutLine: {'line': b'-- Configuring done\n'}
[0.576516] (nav_bridge) StdoutLine: {'line': b'-- Generating done\n'}
[0.578731] (nav_bridge) StdoutLine: {'line': b'-- Build files have been written to: /home/xxx/HUN_sentry_xxx/pb2025_Nav/build/nav_bridge\n'}
[0.584077] (nav_bridge) CommandEnded: {'returncode': 0}
[0.584533] (nav_bridge) JobProgress: {'identifier': 'nav_bridge', 'progress': 'build'}
[0.585245] (nav_bridge) Command: {'cmd': ['/usr/bin/cmake', '--build', '/home/xxx/HUN_sentry_xxx/pb2025_Nav/build/nav_bridge', '--', '-j32', '-l32'], 'cwd': '/home/xxx/HUN_sentry_xxx/pb2025_Nav/build/nav_bridge', 'env': OrderedDict([('GJS_DEBUG_TOPICS', 'JS ERROR;JS LOG'), ('PYTHON_BASIC_REPL', '1'), ('LESSOPEN', '| /usr/bin/lesspipe %s'), ('MVS_PATH', '/opt/MVS'), ('AI_AGENT', 'TRAE'), ('LANGUAGE', 'zh_CN:zh:en_US:en'), ('TENSORRT_DIR', '/home/xxx/nvidia_libs/TensorRT-8.4.2.4'), ('USER', 'xxx'), ('LC_TIME', 'zh_CN.UTF-8'), ('XDG_SESSION_TYPE', 'x11'), ('ALLUSERSPROFILE', '/opt/MVS/MVFG'), ('GIT_ASKPASS', '/usr/share/trae-cn/resources/app/extensions/git/dist/askpass.sh'), ('SHLVL', '1'), ('LD_LIBRARY_PATH', '/home/xxx/HUN_sentry_xxx/pb2025_Nav/install/auto_aim_interfaces/lib:/usr/local/cuda-12.4/lib64:/opt/MVS/lib/64:/home/xxx/nvidia_libs/TensorRT-8.4.2.4/lib:/opt/MVS/lib/64:/opt/MVS/lib/32:/opt/ros/humble/opt/rviz_ogre_vendor/lib:/opt/ros/humble/lib/x86_64-linux-gnu:/opt/ros/humble/lib:/opt/MVS/lib/64:/opt/MVS/lib/32:/opt/MVS/lib/64:/opt/MVS/lib/32'), ('HOME', '/home/xxx'), ('CHROME_DESKTOP', 'trae-cn.desktop'), ('OLDPWD', '/home/xxx/HUN_sentry_xxx/sk2026_xxx_version'), ('TERM_PROGRAM_VERSION', '1.107.1'), ('DESKTOP_SESSION', 'ubuntu'), ('GIO_LAUNCHED_DESKTOP_FILE', '/usr/share/applications/trae-cn.desktop'), ('TRAE_SANDBOX_CLI_PATH', '/usr/share/trae-cn/resources/app/modules/sandbox/trae-sandbox'), ('ROS_PYTHON_VERSION', '3'), ('GNOME_SHELL_SESSION_MODE', 'ubuntu'), ('GTK_MODULES', 'gail:atk-bridge'), ('PAGER', ''), ('VSCODE_GIT_ASKPASS_MAIN', '/usr/share/trae-cn/resources/app/extensions/git/dist/askpass-main.js'), ('LC_MONETARY', 'zh_CN.UTF-8'), ('VSCODE_GIT_ASKPASS_NODE', '/usr/share/trae-cn/trae-cn'), ('MANAGERPID', '2015'), ('TRAE_AI_SHELL_ID', '4'), ('TRAE_SANDBOX_SOURCE_FLAG_PATH', '/tmp/sandbox-source-flag-68af22aa-5130-4d14-ba29-aada38336179'), ('PYDEVD_DISABLE_FILE_VALIDATION', '1'), ('SYSTEMD_EXEC_PID', '2301'), ('BUNDLED_DEBUGPY_PATH', '/home/xxx/.trae-cn/extensions/ms-python.debugpy-2026.6.0-linux-x64/bundled/libs/debugpy'), ('VSCODE_PYTHON_AUTOACTIVATE_GUARD', '1'), ('DBUS_SESSION_BUS_ADDRESS', 'unix:path=/run/user/1000/bus'), ('COLORTERM', 'truecolor'), ('isArchMatched', '1'), ('GIO_LAUNCHED_DESKTOP_FILE_PID', '4522'), ('TRAE_JWT_TOKEN_PATH', '/home/xxx/.trae-cn/trae-jwt-token'), ('TRAE_SANDBOX_STORAGE_PATH', '/home/xxx/.config/Trae CN/ModularData/ai-agent/sandbox'), ('SAFE_RM_AUTO_ADD_TEMP', '1'), ('IM_CONFIG_PHASE', '1'), ('ROS_DISTRO', 'humble'), ('GTK_IM_MODULE', 'fcitx'), ('LOGNAME', 'xxx'), ('SAFE_RM_DENIED_PATH', '/home/xxx/HUN_sentry_xxx/.vscode:/home/xxx/HUN_sentry_xxx/.vscode:/home/xxx/HUN_sentry_xxx/.trae:/home/xxx/HUN_sentry_xxx/.trae:/home/xxx/HUN_sentry_xxx/.git:/home/xxx/HUN_sentry_xxx/.git'), ('JOURNAL_STREAM', '8:33942'), ('_', '/usr/bin/colcon'), ('ROS_VERSION', '2'), ('XDG_SESSION_CLASS', 'user'), ('USERNAME', 'xxx'), ('TERM', 'xterm-256color'), ('GNOME_DESKTOP_SESSION_ID', 'this-is-deprecated'), ('TRAE_SANDBOX_LOG_DIR', '/home/xxx/.config/Trae CN/logs/20260529T111118/Modular'), ('FC_FONTATIONS', '1'), ('ROS_LOCALHOST_ONLY', '0'), ('HISTCONTROL', 'ignorespace'), ('WINDOWPATH', '2'), ('MVCAM_SDK_PATH', '/opt/MVS'), ('PATH', '/home/xxx/.trae-cn/tools/trae-gopls/current:/home/xxx/.trae-cn/sdks/workspaces/1193382c/versions/node/current:/home/xxx/.trae-cn/sdks/versions/node/current:/usr/local/cuda-12.4/bin:/home/xxx/nvidia_libs/TensorRT-8.4.2.4/bin:/opt/ros/humble/bin:/home/xxx/.local/bin:/usr/local/sbin:/usr/local/bin:/usr/sbin:/usr/bin:/sbin:/bin:/usr/games:/usr/local/games:/snap/bin:/snap/bin'), ('SESSION_MANAGER', 'local/xxx:@/tmp/.ICE-unix/2274,unix/xxx:/tmp/.ICE-unix/2274'), ('INVOCATION_ID', '0635d3669d874d1d81998d3ce24af996'), ('MVCAM_GENICAM_CLPROTOCOL', '/opt/MVS/lib/CLProtocol'), ('XDG_MENU_PREFIX', 'gnome-'), ('LC_ADDRESS', 'zh_CN.UTF-8'), ('XDG_RUNTIME_DIR', '/run/user/1000'), ('GDK_BACKEND', 'x11'), ('DISPLAY', ':1'), ('FILESYSTEM_CASE_SENSITIVE', 'true'), ('VSCODE_DEBUGPY_ADAPTER_ENDPOINTS', '/home/xxx/.trae-cn/extensions/ms-python.debugpy-2026.6.0-linux-x64/.noConfigDebugAdapterEndpoints/endpoint-54b2b4dd95f56e7e.txt'), ('LANG', 'zh_CN.UTF-8'), ('XDG_CURRENT_DESKTOP', 'ubuntu:GNOME'), ('PYTHONSTARTUP', '/home/xxx/.config/Trae CN/User/workspaceStorage/1193382c88a709bb2cc56e828d812075/ms-python.python/pythonrc.py'), ('LC_TELEPHONE', 'zh_CN.UTF-8'), ('TRAE_SANDBOX_CONFIG_NAME', '6a1446c480a3af9f3db86f84'), ('XMODIFIERS', '@im=fcitx'), ('TRAE_SANDBOX_DUMP_DIR', '/home/xxx/.config/Trae CN/Crashpad/sandbox-pending'), ('XDG_SESSION_DESKTOP', 'ubuntu'), ('XAUTHORITY', '/run/user/1000/gdm/Xauthority'), ('TRAE_BRAND_NAME', 'Trae CN'), ('LS_COLORS', 'rs=0:di=01;34:ln=01;36:mh=00:pi=40;33:so=01;35:do=01;35:bd=40;33;01:cd=40;33;01:or=40;31;01:mi=00:su=37;41:sg=30;43:ca=30;41:tw=30;42:ow=34;42:st=37;44:ex=01;32:*.tar=01;31:*.tgz=01;31:*.arc=01;31:*.arj=01;31:*.taz=01;31:*.lha=01;31:*.lz4=01;31:*.lzh=01;31:*.lzma=01;31:*.tlz=01;31:*.txz=01;31:*.tzo=01;31:*.t7z=01;31:*.zip=01;31:*.z=01;31:*.dz=01;31:*.gz=01;31:*.lrz=01;31:*.lz=01;31:*.lzo=01;31:*.xz=01;31:*.zst=01;31:*.tzst=01;31:*.bz2=01;31:*.bz=01;31:*.tbz=01;31:*.tbz2=01;31:*.tz=01;31:*.deb=01;31:*.rpm=01;31:*.jar=01;31:*.war=01;31:*.ear=01;31:*.sar=01;31:*.rar=01;31:*.alz=01;31:*.ace=01;31:*.zoo=01;31:*.cpio=01;31:*.7z=01;31:*.rz=01;31:*.cab=01;31:*.wim=01;31:*.swm=01;31:*.dwm=01;31:*.esd=01;31:*.jpg=01;35:*.jpeg=01;35:*.mjpg=01;35:*.mjpeg=01;35:*.gif=01;35:*.bmp=01;35:*.pbm=01;35:*.pgm=01;35:*.ppm=01;35:*.tga=01;35:*.xbm=01;35:*.xpm=01;35:*.tif=01;35:*.tiff=01;35:*.png=01;35:*.svg=01;35:*.svgz=01;35:*.mng=01;35:*.pcx=01;35:*.mov=01;35:*.mpg=01;35:*.mpeg=01;35:*.m2v=01;35:*.mkv=01;35:*.webm=01;35:*.webp=01;35:*.ogm=01;35:*.mp4=01;35:*.m4v=01;35:*.mp4v=01;35:*.vob=01;35:*.qt=01;35:*.nuv=01;35:*.wmv=01;35:*.asf=01;35:*.rm=01;35:*.rmvb=01;35:*.flc=01;35:*.avi=01;35:*.fli=01;35:*.flv=01;35:*.gl=01;35:*.dl=01;35:*.xcf=01;35:*.xwd=01;35:*.yuv=01;35:*.cgm=01;35:*.emf=01;35:*.ogv=01;35:*.ogx=01;35:*.aac=00;36:*.au=00;36:*.flac=00;36:*.m4a=00;36:*.mid=00;36:*.midi=00;36:*.mka=00;36:*.mp3=00;36:*.mpc=00;36:*.ogg=00;36:*.ra=00;36:*.wav=00;36:*.oga=00;36:*.opus=00;36:*.spx=00;36:*.xspf=00;36:'), ('VSCODE_GIT_IPC_HANDLE', '/run/user/1000/vscode-git-a9e8fd90e9.sock'), ('TERM_PROGRAM', 'vscode'), ('SSH_AGENT_LAUNCHER', 'gnome-keyring'), ('SSH_AUTH_SOCK', '/run/user/1000/keyring/ssh'), ('AMENT_PREFIX_PATH', '/home/xxx/HUN_sentry_xxx/pb2025_Nav/install/auto_aim_interfaces:/opt/ros/humble'), ('SHELL', '/bin/bash'), ('LC_NAME', 'zh_CN.UTF-8'), ('__trae_PS1', '\\n(TraeAI-4) \\w [$?] $'), ('QT_ACCESSIBILITY', '1'), ('GDMSESSION', 'ubuntu'), ('LESSCLOSE', '/usr/bin/lesspipe %s %s'), ('LC_MEASUREMENT', 'zh_CN.UTF-8'), ('TRAE_SANDBOX_TRACE_FILE', '/tmp/trae_sandbox_trace_3bb584d3-1bc2-43a7-8882-694a8f263c62.jsonl'), ('GPG_AGENT_INFO', '/run/user/1000/gnupg/S.gpg-agent:0:1'), ('GJS_DEBUG_OUTPUT', 'stderr'), ('LC_IDENTIFICATION', 'zh_CN.UTF-8'), ('VSCODE_GIT_ASKPASS_EXTRA_ARGS', ''), ('GIT_PAGER', ''), ('QT_IM_MODULE', 'fcitx'), ('PWD', '/home/xxx/HUN_sentry_xxx/pb2025_Nav/build/nav_bridge'), ('SAFE_RM_ALLOWED_PATH', '/home/xxx/HUN_sentry_xxx:/home/xxx/HUN_sentry_xxx:/home/xxx/.trae-cn/memory'), ('XDG_CONFIG_DIRS', '/etc/xdg/xdg-ubuntu:/etc/xdg'), ('TERM_PRODUCT', 'Trae'), ('CLUTTER_IM_MODULE', 'fcitx'), ('XDG_DATA_DIRS', '/usr/share/ubuntu:/usr/share/gnome:/usr/local/share/:/usr/share/:/var/lib/snapd/desktop'), ('PYTHONPATH', '/home/xxx/HUN_sentry_xxx/pb2025_Nav/install/auto_aim_interfaces/local/lib/python3.10/dist-packages:/opt/ros/humble/lib/python3.10/site-packages:/opt/ros/humble/local/lib/python3.10/dist-packages'), ('SAFE_RM_PROTECTION_FLAG', '/tmp/safe-rm-protection-flag-379acff7-1dfc-40ed-a93c-4ed71778d190'), ('LC_NUMERIC', 'zh_CN.UTF-8'), ('MVCAM_SDK_VERSION', ''), ('LC_PAPER', 'zh_CN.UTF-8'), ('COLCON', '1'), ('SAFE_RM_SOURCE_FLAG', '/tmp/safe-rm-source-flag-8f654204-6e11-48f7-9311-c980eda505b1'), ('MVCAM_COMMON_RUNENV', '/opt/MVS/lib'), ('CMAKE_PREFIX_PATH', '/home/xxx/HUN_sentry_xxx/pb2025_Nav/install/auto_aim_interfaces:/opt/ros/humble')]), 'shell': False}
[0.600207] (-) TimerEvent: {}
[0.621432] (nav_bridge) StdoutLine: {'line': b'[ 50%] Building CXX object CMakeFiles/nav_ros2_bridge.dir/src/nav_ros2_bridge.cpp.o\n'}
[0.700317] (-) TimerEvent: {}
[0.800496] (-) TimerEvent: {}
[0.900678] (-) TimerEvent: {}
[1.000860] (-) TimerEvent: {}
[1.101044] (-) TimerEvent: {}
[1.201236] (-) TimerEvent: {}
[1.301422] (-) TimerEvent: {}
[1.401584] (-) TimerEvent: {}
[1.501710] (-) TimerEvent: {}
[1.601867] (-) TimerEvent: {}
[1.702080] (-) TimerEvent: {}
[1.802259] (-) TimerEvent: {}
[1.902407] (-) TimerEvent: {}
[2.002565] (-) TimerEvent: {}
[2.102758] (-) TimerEvent: {}
[2.202955] (-) TimerEvent: {}
[2.303156] (-) TimerEvent: {}
[2.403315] (-) TimerEvent: {}
[2.503443] (-) TimerEvent: {}
[2.603604] (-) TimerEvent: {}
[2.703766] (-) TimerEvent: {}
[2.803894] (-) TimerEvent: {}
[2.904033] (-) TimerEvent: {}
[3.004278] (-) TimerEvent: {}
[3.104461] (-) TimerEvent: {}
[3.204650] (-) TimerEvent: {}
[3.304826] (-) TimerEvent: {}
[3.405031] (-) TimerEvent: {}
[3.505219] (-) TimerEvent: {}
[3.605421] (-) TimerEvent: {}
[3.705598] (-) TimerEvent: {}
[3.805789] (-) TimerEvent: {}
[3.905962] (-) TimerEvent: {}
[4.006145] (-) TimerEvent: {}
[4.106319] (-) TimerEvent: {}
[4.206502] (-) TimerEvent: {}
[4.306683] (-) TimerEvent: {}
[4.406864] (-) TimerEvent: {}
[4.507050] (-) TimerEvent: {}
[4.607233] (-) TimerEvent: {}
[4.707413] (-) TimerEvent: {}
[4.807585] (-) TimerEvent: {}
[4.907767] (-) TimerEvent: {}
[5.007947] (-) TimerEvent: {}
[5.108139] (-) TimerEvent: {}
[5.208327] (-) TimerEvent: {}
[5.308498] (-) TimerEvent: {}
[5.408667] (-) TimerEvent: {}
[5.508841] (-) TimerEvent: {}
[5.609047] (-) TimerEvent: {}
[5.709224] (-) TimerEvent: {}
[5.809400] (-) TimerEvent: {}
[5.909581] (-) TimerEvent: {}
[6.009773] (-) TimerEvent: {}
[6.109959] (-) TimerEvent: {}
[6.210153] (-) TimerEvent: {}
[6.310335] (-) TimerEvent: {}
[6.410503] (-) TimerEvent: {}
[6.510674] (-) TimerEvent: {}
[6.610848] (-) TimerEvent: {}
[6.711036] (-) TimerEvent: {}
[6.811213] (-) TimerEvent: {}
[6.911391] (-) TimerEvent: {}
[7.011569] (-) TimerEvent: {}
[7.111746] (-) TimerEvent: {}
[7.211932] (-) TimerEvent: {}
[7.312129] (-) TimerEvent: {}
[7.412323] (-) TimerEvent: {}
[7.512503] (-) TimerEvent: {}
[7.612683] (-) TimerEvent: {}
[7.712875] (-) TimerEvent: {}
[7.813064] (-) TimerEvent: {}
[7.913235] (-) TimerEvent: {}
[8.013415] (-) TimerEvent: {}
[8.113606] (-) TimerEvent: {}
[8.213809] (-) TimerEvent: {}
[8.313989] (-) TimerEvent: {}
[8.414190] (-) TimerEvent: {}
[8.514370] (-) TimerEvent: {}
[8.614543] (-) TimerEvent: {}
[8.714727] (-) TimerEvent: {}
[8.814909] (-) TimerEvent: {}
[8.915079] (-) TimerEvent: {}
[8.975597] (nav_bridge) StdoutLine: {'line': b'[100%] Linking CXX executable nav_ros2_bridge\n'}
[9.015164] (-) TimerEvent: {}
[9.115319] (-) TimerEvent: {}
[9.215504] (-) TimerEvent: {}
[9.315693] (-) TimerEvent: {}
[9.415878] (-) TimerEvent: {}
[9.436137] (nav_bridge) StdoutLine: {'line': b'[100%] Built target nav_ros2_bridge\n'}
[9.443904] (nav_bridge) CommandEnded: {'returncode': 0}
[9.444439] (nav_bridge) JobProgress: {'identifier': 'nav_bridge', 'progress': 'install'}
[9.444986] (nav_bridge) Command: {'cmd': ['/usr/bin/cmake', '--install', '/home/xxx/HUN_sentry_xxx/pb2025_Nav/build/nav_bridge'], 'cwd': '/home/xxx/HUN_sentry_xxx/pb2025_Nav/build/nav_bridge', 'env': OrderedDict([('GJS_DEBUG_TOPICS', 'JS ERROR;JS LOG'), ('PYTHON_BASIC_REPL', '1'), ('LESSOPEN', '| /usr/bin/lesspipe %s'), ('MVS_PATH', '/opt/MVS'), ('AI_AGENT', 'TRAE'), ('LANGUAGE', 'zh_CN:zh:en_US:en'), ('TENSORRT_DIR', '/home/xxx/nvidia_libs/TensorRT-8.4.2.4'), ('USER', 'xxx'), ('LC_TIME', 'zh_CN.UTF-8'), ('XDG_SESSION_TYPE', 'x11'), ('ALLUSERSPROFILE', '/opt/MVS/MVFG'), ('GIT_ASKPASS', '/usr/share/trae-cn/resources/app/extensions/git/dist/askpass.sh'), ('SHLVL', '1'), ('LD_LIBRARY_PATH', '/home/xxx/HUN_sentry_xxx/pb2025_Nav/install/auto_aim_interfaces/lib:/usr/local/cuda-12.4/lib64:/opt/MVS/lib/64:/home/xxx/nvidia_libs/TensorRT-8.4.2.4/lib:/opt/MVS/lib/64:/opt/MVS/lib/32:/opt/ros/humble/opt/rviz_ogre_vendor/lib:/opt/ros/humble/lib/x86_64-linux-gnu:/opt/ros/humble/lib:/opt/MVS/lib/64:/opt/MVS/lib/32:/opt/MVS/lib/64:/opt/MVS/lib/32'), ('HOME', '/home/xxx'), ('CHROME_DESKTOP', 'trae-cn.desktop'), ('OLDPWD', '/home/xxx/HUN_sentry_xxx/sk2026_xxx_version'), ('TERM_PROGRAM_VERSION', '1.107.1'), ('DESKTOP_SESSION', 'ubuntu'), ('GIO_LAUNCHED_DESKTOP_FILE', '/usr/share/applications/trae-cn.desktop'), ('TRAE_SANDBOX_CLI_PATH', '/usr/share/trae-cn/resources/app/modules/sandbox/trae-sandbox'), ('ROS_PYTHON_VERSION', '3'), ('GNOME_SHELL_SESSION_MODE', 'ubuntu'), ('GTK_MODULES', 'gail:atk-bridge'), ('PAGER', ''), ('VSCODE_GIT_ASKPASS_MAIN', '/usr/share/trae-cn/resources/app/extensions/git/dist/askpass-main.js'), ('LC_MONETARY', 'zh_CN.UTF-8'), ('VSCODE_GIT_ASKPASS_NODE', '/usr/share/trae-cn/trae-cn'), ('MANAGERPID', '2015'), ('TRAE_AI_SHELL_ID', '4'), ('TRAE_SANDBOX_SOURCE_FLAG_PATH', '/tmp/sandbox-source-flag-68af22aa-5130-4d14-ba29-aada38336179'), ('PYDEVD_DISABLE_FILE_VALIDATION', '1'), ('SYSTEMD_EXEC_PID', '2301'), ('BUNDLED_DEBUGPY_PATH', '/home/xxx/.trae-cn/extensions/ms-python.debugpy-2026.6.0-linux-x64/bundled/libs/debugpy'), ('VSCODE_PYTHON_AUTOACTIVATE_GUARD', '1'), ('DBUS_SESSION_BUS_ADDRESS', 'unix:path=/run/user/1000/bus'), ('COLORTERM', 'truecolor'), ('isArchMatched', '1'), ('GIO_LAUNCHED_DESKTOP_FILE_PID', '4522'), ('TRAE_JWT_TOKEN_PATH', '/home/xxx/.trae-cn/trae-jwt-token'), ('TRAE_SANDBOX_STORAGE_PATH', '/home/xxx/.config/Trae CN/ModularData/ai-agent/sandbox'), ('SAFE_RM_AUTO_ADD_TEMP', '1'), ('IM_CONFIG_PHASE', '1'), ('ROS_DISTRO', 'humble'), ('GTK_IM_MODULE', 'fcitx'), ('LOGNAME', 'xxx'), ('SAFE_RM_DENIED_PATH', '/home/xxx/HUN_sentry_xxx/.vscode:/home/xxx/HUN_sentry_xxx/.vscode:/home/xxx/HUN_sentry_xxx/.trae:/home/xxx/HUN_sentry_xxx/.trae:/home/xxx/HUN_sentry_xxx/.git:/home/xxx/HUN_sentry_xxx/.git'), ('JOURNAL_STREAM', '8:33942'), ('_', '/usr/bin/colcon'), ('ROS_VERSION', '2'), ('XDG_SESSION_CLASS', 'user'), ('USERNAME', 'xxx'), ('TERM', 'xterm-256color'), ('GNOME_DESKTOP_SESSION_ID', 'this-is-deprecated'), ('TRAE_SANDBOX_LOG_DIR', '/home/xxx/.config/Trae CN/logs/20260529T111118/Modular'), ('FC_FONTATIONS', '1'), ('ROS_LOCALHOST_ONLY', '0'), ('HISTCONTROL', 'ignorespace'), ('WINDOWPATH', '2'), ('MVCAM_SDK_PATH', '/opt/MVS'), ('PATH', '/home/xxx/.trae-cn/tools/trae-gopls/current:/home/xxx/.trae-cn/sdks/workspaces/1193382c/versions/node/current:/home/xxx/.trae-cn/sdks/versions/node/current:/usr/local/cuda-12.4/bin:/home/xxx/nvidia_libs/TensorRT-8.4.2.4/bin:/opt/ros/humble/bin:/home/xxx/.local/bin:/usr/local/sbin:/usr/local/bin:/usr/sbin:/usr/bin:/sbin:/bin:/usr/games:/usr/local/games:/snap/bin:/snap/bin'), ('SESSION_MANAGER', 'local/xxx:@/tmp/.ICE-unix/2274,unix/xxx:/tmp/.ICE-unix/2274'), ('INVOCATION_ID', '0635d3669d874d1d81998d3ce24af996'), ('MVCAM_GENICAM_CLPROTOCOL', '/opt/MVS/lib/CLProtocol'), ('XDG_MENU_PREFIX', 'gnome-'), ('LC_ADDRESS', 'zh_CN.UTF-8'), ('XDG_RUNTIME_DIR', '/run/user/1000'), ('GDK_BACKEND', 'x11'), ('DISPLAY', ':1'), ('FILESYSTEM_CASE_SENSITIVE', 'true'), ('VSCODE_DEBUGPY_ADAPTER_ENDPOINTS', '/home/xxx/.trae-cn/extensions/ms-python.debugpy-2026.6.0-linux-x64/.noConfigDebugAdapterEndpoints/endpoint-54b2b4dd95f56e7e.txt'), ('LANG', 'zh_CN.UTF-8'), ('XDG_CURRENT_DESKTOP', 'ubuntu:GNOME'), ('PYTHONSTARTUP', '/home/xxx/.config/Trae CN/User/workspaceStorage/1193382c88a709bb2cc56e828d812075/ms-python.python/pythonrc.py'), ('LC_TELEPHONE', 'zh_CN.UTF-8'), ('TRAE_SANDBOX_CONFIG_NAME', '6a1446c480a3af9f3db86f84'), ('XMODIFIERS', '@im=fcitx'), ('TRAE_SANDBOX_DUMP_DIR', '/home/xxx/.config/Trae CN/Crashpad/sandbox-pending'), ('XDG_SESSION_DESKTOP', 'ubuntu'), ('XAUTHORITY', '/run/user/1000/gdm/Xauthority'), ('TRAE_BRAND_NAME', 'Trae CN'), ('LS_COLORS', 'rs=0:di=01;34:ln=01;36:mh=00:pi=40;33:so=01;35:do=01;35:bd=40;33;01:cd=40;33;01:or=40;31;01:mi=00:su=37;41:sg=30;43:ca=30;41:tw=30;42:ow=34;42:st=37;44:ex=01;32:*.tar=01;31:*.tgz=01;31:*.arc=01;31:*.arj=01;31:*.taz=01;31:*.lha=01;31:*.lz4=01;31:*.lzh=01;31:*.lzma=01;31:*.tlz=01;31:*.txz=01;31:*.tzo=01;31:*.t7z=01;31:*.zip=01;31:*.z=01;31:*.dz=01;31:*.gz=01;31:*.lrz=01;31:*.lz=01;31:*.lzo=01;31:*.xz=01;31:*.zst=01;31:*.tzst=01;31:*.bz2=01;31:*.bz=01;31:*.tbz=01;31:*.tbz2=01;31:*.tz=01;31:*.deb=01;31:*.rpm=01;31:*.jar=01;31:*.war=01;31:*.ear=01;31:*.sar=01;31:*.rar=01;31:*.alz=01;31:*.ace=01;31:*.zoo=01;31:*.cpio=01;31:*.7z=01;31:*.rz=01;31:*.cab=01;31:*.wim=01;31:*.swm=01;31:*.dwm=01;31:*.esd=01;31:*.jpg=01;35:*.jpeg=01;35:*.mjpg=01;35:*.mjpeg=01;35:*.gif=01;35:*.bmp=01;35:*.pbm=01;35:*.pgm=01;35:*.ppm=01;35:*.tga=01;35:*.xbm=01;35:*.xpm=01;35:*.tif=01;35:*.tiff=01;35:*.png=01;35:*.svg=01;35:*.svgz=01;35:*.mng=01;35:*.pcx=01;35:*.mov=01;35:*.mpg=01;35:*.mpeg=01;35:*.m2v=01;35:*.mkv=01;35:*.webm=01;35:*.webp=01;35:*.ogm=01;35:*.mp4=01;35:*.m4v=01;35:*.mp4v=01;35:*.vob=01;35:*.qt=01;35:*.nuv=01;35:*.wmv=01;35:*.asf=01;35:*.rm=01;35:*.rmvb=01;35:*.flc=01;35:*.avi=01;35:*.fli=01;35:*.flv=01;35:*.gl=01;35:*.dl=01;35:*.xcf=01;35:*.xwd=01;35:*.yuv=01;35:*.cgm=01;35:*.emf=01;35:*.ogv=01;35:*.ogx=01;35:*.aac=00;36:*.au=00;36:*.flac=00;36:*.m4a=00;36:*.mid=00;36:*.midi=00;36:*.mka=00;36:*.mp3=00;36:*.mpc=00;36:*.ogg=00;36:*.ra=00;36:*.wav=00;36:*.oga=00;36:*.opus=00;36:*.spx=00;36:*.xspf=00;36:'), ('VSCODE_GIT_IPC_HANDLE', '/run/user/1000/vscode-git-a9e8fd90e9.sock'), ('TERM_PROGRAM', 'vscode'), ('SSH_AGENT_LAUNCHER', 'gnome-keyring'), ('SSH_AUTH_SOCK', '/run/user/1000/keyring/ssh'), ('AMENT_PREFIX_PATH', '/home/xxx/HUN_sentry_xxx/pb2025_Nav/install/auto_aim_interfaces:/opt/ros/humble'), ('SHELL', '/bin/bash'), ('LC_NAME', 'zh_CN.UTF-8'), ('__trae_PS1', '\\n(TraeAI-4) \\w [$?] $'), ('QT_ACCESSIBILITY', '1'), ('GDMSESSION', 'ubuntu'), ('LESSCLOSE', '/usr/bin/lesspipe %s %s'), ('LC_MEASUREMENT', 'zh_CN.UTF-8'), ('TRAE_SANDBOX_TRACE_FILE', '/tmp/trae_sandbox_trace_3bb584d3-1bc2-43a7-8882-694a8f263c62.jsonl'), ('GPG_AGENT_INFO', '/run/user/1000/gnupg/S.gpg-agent:0:1'), ('GJS_DEBUG_OUTPUT', 'stderr'), ('LC_IDENTIFICATION', 'zh_CN.UTF-8'), ('VSCODE_GIT_ASKPASS_EXTRA_ARGS', ''), ('GIT_PAGER', ''), ('QT_IM_MODULE', 'fcitx'), ('PWD', '/home/xxx/HUN_sentry_xxx/pb2025_Nav/build/nav_bridge'), ('SAFE_RM_ALLOWED_PATH', '/home/xxx/HUN_sentry_xxx:/home/xxx/HUN_sentry_xxx:/home/xxx/.trae-cn/memory'), ('XDG_CONFIG_DIRS', '/etc/xdg/xdg-ubuntu:/etc/xdg'), ('TERM_PRODUCT', 'Trae'), ('CLUTTER_IM_MODULE', 'fcitx'), ('XDG_DATA_DIRS', '/usr/share/ubuntu:/usr/share/gnome:/usr/local/share/:/usr/share/:/var/lib/snapd/desktop'), ('PYTHONPATH', '/home/xxx/HUN_sentry_xxx/pb2025_Nav/install/auto_aim_interfaces/local/lib/python3.10/dist-packages:/opt/ros/humble/lib/python3.10/site-packages:/opt/ros/humble/local/lib/python3.10/dist-packages'), ('SAFE_RM_PROTECTION_FLAG', '/tmp/safe-rm-protection-flag-379acff7-1dfc-40ed-a93c-4ed71778d190'), ('LC_NUMERIC', 'zh_CN.UTF-8'), ('MVCAM_SDK_VERSION', ''), ('LC_PAPER', 'zh_CN.UTF-8'), ('COLCON', '1'), ('SAFE_RM_SOURCE_FLAG', '/tmp/safe-rm-source-flag-8f654204-6e11-48f7-9311-c980eda505b1'), ('MVCAM_COMMON_RUNENV', '/opt/MVS/lib'), ('CMAKE_PREFIX_PATH', '/home/xxx/HUN_sentry_xxx/pb2025_Nav/install/auto_aim_interfaces:/opt/ros/humble')]), 'shell': False}
[9.449580] (nav_bridge) StdoutLine: {'line': b'-- Install configuration: ""\n'}
[9.449721] (nav_bridge) StdoutLine: {'line': b'-- Installing: /home/xxx/HUN_sentry_xxx/pb2025_Nav/install/nav_bridge/lib/nav_bridge/nav_ros2_bridge\n'}
[9.456852] (nav_bridge) StdoutLine: {'line': b'-- Set runtime path of "/home/xxx/HUN_sentry_xxx/pb2025_Nav/install/nav_bridge/lib/nav_bridge/nav_ros2_bridge" to ""\n'}
[9.456957] (nav_bridge) StdoutLine: {'line': b'-- Installing: /home/xxx/HUN_sentry_xxx/pb2025_Nav/install/nav_bridge/share/ament_index/resource_index/package_run_dependencies/nav_bridge\n'}
[9.457108] (nav_bridge) StdoutLine: {'line': b'-- Installing: /home/xxx/HUN_sentry_xxx/pb2025_Nav/install/nav_bridge/share/ament_index/resource_index/parent_prefix_path/nav_bridge\n'}
[9.457278] (nav_bridge) StdoutLine: {'line': b'-- Installing: /home/xxx/HUN_sentry_xxx/pb2025_Nav/install/nav_bridge/share/nav_bridge/environment/ament_prefix_path.sh\n'}
[9.457379] (nav_bridge) StdoutLine: {'line': b'-- Installing: /home/xxx/HUN_sentry_xxx/pb2025_Nav/install/nav_bridge/share/nav_bridge/environment/ament_prefix_path.dsv\n'}
[9.457470] (nav_bridge) StdoutLine: {'line': b'-- Installing: /home/xxx/HUN_sentry_xxx/pb2025_Nav/install/nav_bridge/share/nav_bridge/environment/path.sh\n'}
[9.457582] (nav_bridge) StdoutLine: {'line': b'-- Installing: /home/xxx/HUN_sentry_xxx/pb2025_Nav/install/nav_bridge/share/nav_bridge/environment/path.dsv\n'}
[9.457684] (nav_bridge) StdoutLine: {'line': b'-- Installing: /home/xxx/HUN_sentry_xxx/pb2025_Nav/install/nav_bridge/share/nav_bridge/local_setup.bash\n'}
[9.457784] (nav_bridge) StdoutLine: {'line': b'-- Installing: /home/xxx/HUN_sentry_xxx/pb2025_Nav/install/nav_bridge/share/nav_bridge/local_setup.sh\n'}
[9.457894] (nav_bridge) StdoutLine: {'line': b'-- Installing: /home/xxx/HUN_sentry_xxx/pb2025_Nav/install/nav_bridge/share/nav_bridge/local_setup.zsh\n'}
[9.458007] (nav_bridge) StdoutLine: {'line': b'-- Installing: /home/xxx/HUN_sentry_xxx/pb2025_Nav/install/nav_bridge/share/nav_bridge/local_setup.dsv\n'}
[9.458050] (nav_bridge) StdoutLine: {'line': b'-- Installing: /home/xxx/HUN_sentry_xxx/pb2025_Nav/install/nav_bridge/share/nav_bridge/package.dsv\n'}
[9.458187] (nav_bridge) StdoutLine: {'line': b'-- Installing: /home/xxx/HUN_sentry_xxx/pb2025_Nav/install/nav_bridge/share/ament_index/resource_index/packages/nav_bridge\n'}
[9.458294] (nav_bridge) StdoutLine: {'line': b'-- Installing: /home/xxx/HUN_sentry_xxx/pb2025_Nav/install/nav_bridge/share/nav_bridge/cmake/nav_bridgeConfig.cmake\n'}
[9.458395] (nav_bridge) StdoutLine: {'line': b'-- Installing: /home/xxx/HUN_sentry_xxx/pb2025_Nav/install/nav_bridge/share/nav_bridge/cmake/nav_bridgeConfig-version.cmake\n'}
[9.458495] (nav_bridge) StdoutLine: {'line': b'-- Installing: /home/xxx/HUN_sentry_xxx/pb2025_Nav/install/nav_bridge/share/nav_bridge/package.xml\n'}
[9.459795] (nav_bridge) CommandEnded: {'returncode': 0}
[9.466045] (nav_bridge) JobEnded: {'identifier': 'nav_bridge', 'rc': 0}
[9.466219] (-) EventReactorShutdown: {}
